Site Folder,URL,Multimodal_Decision,Image Phish Score,Image_Decision,Text Phish Score,Text_Decision,Image Features,Text Features,Fused Features
happylifestyle.com,https://happylifestyle.com,benign,0.00,0,0.30,0,0.00|0.00|0.00|0.00|0.00|0.00|1.00|0.50|0.00|0.00|0.00|0.00|0.00|0.00|0.00,1.00|0.00|0.00|0.00|0.00|0.00|0.00|0.00|0.00|0.00|0.00|0.00|0.30,0.0000|0.0000|0.0000|0.0000|0.0000|0.0000|0.2683|0.1342|0.0000|0.0000|0.0000|0.0000|0.0000|0.0000|0.0000|0.6697|0.0000|0.0000|0.0000|0.0000|0.0000|0.0000|0.0000|0.0000|0.0000|0.0000|0.0000|0.2036
grooves.land,https://grooves.land,benign,0.00,0,0.20,0,0.00|0.00|0.00|0.00|0.00|0.00|1.00|0.50|0.00|0.00|0.00|0.00|0.00|0.00|0.00,0.00|0.00|0.00|0.00|0.00|0.00|0.00|0.00|0.00|0.00|0.00|0.00|0.20,0.0000|0.0000|0.0000|0.0000|0.0000|0.0000|0.2683|0.1342|0.0000|0.0000|0.0000|0.0000|0.0000|0.0000|0.0000|0.0000|0.0000|0.0000|0.0000|0.0000|0.0000|0.0000|0.0000|0.0000|0.0000|0.0000|0.0000|0.7000
inilabs.net,https://inilabs.net,benign,0.00,0,0.20,0,0.00|0.00|0.00|0.00|0.00|0.00|1.00|0.50|0.00|0.00|0.00|0.00|0.00|0.00|0.00,0.00|0.00|0.00|0.00|0.00|0.00|0.00|0.00|0.00|0.00|0.00|0.00|0.20,0.0000|0.0000|0.0000|0.0000|0.0000|0.0000|0.2683|0.1342|0.0000|0.0000|0.0000|0.0000|0.0000|0.0000|0.0000|0.0000|0.0000|0.0000|0.0000|0.0000|0.0000|0.0000|0.0000|0.0000|0.0000|0.0000|0.0000|0.7000
ilnapolista.it,https://ilnapolista.it,benign,0.00,0,0.20,0,0.00|0.00|0.00|0.00|0.00|0.00|1.00|0.50|0.00|0.00|0.00|0.00|0.00|0.00|0.00,0.00|0.00|0.00|0.00|0.00|0.00|0.00|0.00|0.00|0.00|0.00|0.00|0.20,0.0000|0.0000|0.0000|0.0000|0.0000|0.0000|0.2683|0.1342|0.0000|0.0000|0.0000|0.0000|0.0000|0.0000|0.0000|0.0000|0.0000|0.0000|0.0000|0.0000|0.0000|0.0000|0.0000|0.0000|0.0000|0.0000|0.0000|0.7000
grum.co,https://grum.co,benign,0.00,0,0.35,0,0.00|0.00|0.00|0.00|0.00|0.00|1.00|0.50|0.00|0.00|0.00|0.00|0.00|0.00|0.00,1.00|0.00|0.00|0.00|1.00|0.00|0.00|0.00|0.00|0.00|0.00|0.00|0.35,0.0000|0.0000|0.0000|0.0000|0.0000|0.0000|0.2683|0.1342|0.0000|0.0000|0.0000|0.0000|0.0000|0.0000|0.0000|0.4808|0.0000|0.0000|0.0000|0.4808|0.0000|0.0000|0.0000|0.0000|0.0000|0.0000|0.0000|0.1664
afoodieworld.com,http://afoodieworld.com,benign,0.00,0,0.33,0,0.00|0.00|0.00|0.00|0.00|0.00|0.00|0.50|0.00|0.00|0.00|0.00|0.00|0.00|0.00,0.00|0.00|1.00|0.00|0.00|0.00|0.00|0.00|0.00|0.00|0.00|0.00|0.33,0.0000|0.0000|0.0000|0.0000|0.0000|0.0000|0.0000|0.3000|0.0000|0.0000|0.0000|0.0000|0.0000|0.0000|0.0000|0.0000|0.0000|0.6657|0.0000|0.0000|0.0000|0.0000|0.0000|0.0000|0.0000|0.0000|0.0000|0.2164
wordpressabz.com,http://wordpressabz.com,benign,0.00,0,0.20,0,0.00|0.00|0.00|0.00|0.00|0.00|0.00|0.50|0.00|0.00|0.00|0.00|0.00|0.00|0.00,0.00|0.00|0.00|0.00|0.00|0.00|0.00|0.00|0.00|0.00|0.00|0.00|0.20,0.0000|0.0000|0.0000|0.0000|0.0000|0.0000|0.0000|0.3000|0.0000|0.0000|0.0000|0.0000|0.0000|0.0000|0.0000|0.0000|0.0000|0.0000|0.0000|0.0000|0.0000|0.0000|0.0000|0.0000|0.0000|0.0000|0.0000|0.7000
zonasinhunter.com,https://zonasinhunter.com,benign,0.00,0,0.41,0,0.00|0.00|0.00|0.00|0.00|0.00|1.00|0.50|0.00|0.00|0.00|0.00|0.00|0.00|0.00,0.00|0.00|0.00|0.00|1.00|1.00|0.00|0.00|0.00|0.00|0.00|0.00|0.41,0.0000|0.0000|0.0000|0.0000|0.0000|0.0000|0.2683|0.1342|0.0000|0.0000|0.0000|0.0000|0.0000|0.0000|0.0000|0.0000|0.0000|0.0000|0.0000|0.4756|0.4756|0.0000|0.0000|0.0000|0.0000|0.0000|0.0000|0.1940
apple-iphone.ru,http://apple-iphone.ru,benign,0.00,0,0.41,0,0.00|0.00|0.00|0.00|0.00|0.00|0.00|0.50|0.00|0.00|0.00|0.00|0.00|0.00|0.00,0.00|0.00|0.00|0.00|1.00|1.00|0.00|0.00|0.00|0.00|0.00|0.00|0.41,0.0000|0.0000|0.0000|0.0000|0.0000|0.0000|0.0000|0.3000|0.0000|0.0000|0.0000|0.0000|0.0000|0.0000|0.0000|0.0000|0.0000|0.0000|0.0000|0.4756|0.4756|0.0000|0.0000|0.0000|0.0000|0.0000|0.0000|0.1940
zweiporn.com,https://zweiporn.com,benign,0.00,0,0.20,0,0.00|0.00|0.00|0.00|0.00|0.00|1.00|0.50|0.00|0.00|0.00|0.00|0.00|0.00|0.00,0.00|0.00|0.00|0.00|0.00|0.00|0.00|0.00|0.00|0.00|0.00|0.00|0.20,0.0000|0.0000|0.0000|0.0000|0.0000|0.0000|0.2683|0.1342|0.0000|0.0000|0.0000|0.0000|0.0000|0.0000|0.0000|0.0000|0.0000|0.0000|0.0000|0.0000|0.0000|0.0000|0.0000|0.0000|0.0000|0.0000|0.0000|0.7000
admitad.com,https://admitad.com,benign,0.00,0,0.24,0,0.00|0.00|0.00|0.00|0.00|0.00|1.00|0.50|0.00|0.00|0.00|0.00|0.00|0.00|0.00,0.00|0.00|0.00|0.00|1.00|0.00|0.00|0.00|0.00|0.00|0.00|0.00|0.24,0.0000|0.0000|0.0000|0.0000|0.0000|0.0000|0.2683|0.1342|0.0000|0.0000|0.0000|0.0000|0.0000|0.0000|0.0000|0.0000|0.0000|0.0000|0.0000|0.6804|0.0000|0.0000|0.0000|0.0000|0.0000|0.0000|0.0000|0.1646
hansebubeforum.de,https://hansebubeforum.de,benign,0.00,0,0.30,0,0.00|0.00|0.00|0.00|0.00|0.00|1.00|0.50|0.00|0.00|0.00|0.00|0.00|0.00|0.00,1.00|0.00|0.00|0.00|0.00|0.00|0.00|0.00|0.00|0.00|0.00|0.00|0.30,0.0000|0.0000|0.0000|0.0000|0.0000|0.0000|0.2683|0.1342|0.0000|0.0000|0.0000|0.0000|0.0000|0.0000|0.0000|0.6697|0.0000|0.0000|0.0000|0.0000|0.0000|0.0000|0.0000|0.0000|0.0000|0.0000|0.0000|0.2036
1and1.com,http://1and1.com,benign,0.00,0,0.37,0,0.00|0.00|0.00|0.00|0.00|0.00|0.00|0.50|0.00|0.00|0.00|0.00|0.00|0.00|0.00,0.00|0.00|1.00|0.00|1.00|0.00|0.00|0.00|0.00|0.00|0.00|0.00|0.37,0.0000|0.0000|0.0000|0.0000|0.0000|0.0000|0.0000|0.3000|0.0000|0.0000|0.0000|0.0000|0.0000|0.0000|0.0000|0.0000|0.0000|0.4791|0.0000|0.4791|0.0000|0.0000|0.0000|0.0000|0.0000|0.0000|0.0000|0.1758
growtraffic.com,https://growtraffic.com,benign,0.00,0,0.20,0,0.00|0.00|0.00|0.00|0.00|0.00|1.00|0.50|0.00|0.00|0.00|0.00|0.00|0.00|0.00,0.00|0.00|0.00|0.00|0.00|0.00|0.00|0.00|0.00|0.00|0.00|0.00|0.20,0.0000|0.0000|0.0000|0.0000|0.0000|0.0000|0.2683|0.1342|0.0000|0.0000|0.0000|0.0000|0.0000|0.0000|0.0000|0.0000|0.0000|0.0000|0.0000|0.0000|0.0000|0.0000|0.0000|0.0000|0.0000|0.0000|0.0000|0.7000
handywebdesign.net,https://handywebdesign.net,benign,0.00,0,0.20,0,0.00|0.00|0.00|0.00|0.00|0.00|1.00|0.50|0.00|0.00|0.00|0.00|0.00|0.00|0.00,0.00|0.00|0.00|0.00|0.00|0.00|0.00|0.00|0.00|0.00|0.00|0.00|0.20,0.0000|0.0000|0.0000|0.0000|0.0000|0.0000|0.2683|0.1342|0.0000|0.0000|0.0000|0.0000|0.0000|0.0000|0.0000|0.0000|0.0000|0.0000|0.0000|0.0000|0.0000|0.0000|0.0000|0.0000|0.0000|0.0000|0.0000|0.7000
aerosoles.com,http://aerosoles.com,benign,0.00,0,0.24,0,0.00|0.00|0.00|0.00|0.00|0.00|0.00|0.50|0.00|0.00|0.00|0.00|0.00|0.00|0.00,0.00|0.00|0.00|0.00|1.00|0.00|0.00|0.00|0.00|0.00|0.00|0.00|0.24,0.0000|0.0000|0.0000|0.0000|0.0000|0.0000|0.0000|0.3000|0.0000|0.0000|0.0000|0.0000|0.0000|0.0000|0.0000|0.0000|0.0000|0.0000|0.0000|0.6804|0.0000|0.0000|0.0000|0.0000|0.0000|0.0000|0.0000|0.1646
wweek.com,https://wweek.com,benign,0.00,0,0.20,0,0.00|0.00|0.00|0.00|0.00|0.00|1.00|0.50|0.00|0.00|0.00|0.00|0.00|0.00|0.00,0.00|0.00|0.00|0.00|0.00|0.00|0.00|0.00|0.00|0.00|0.00|0.00|0.20,0.0000|0.0000|0.0000|0.0000|0.0000|0.0000|0.2683|0.1342|0.0000|0.0000|0.0000|0.0000|0.0000|0.0000|0.0000|0.0000|0.0000|0.0000|0.0000|0.0000|0.0000|0.0000|0.0000|0.0000|0.0000|0.0000|0.0000|0.7000
kammasheh.com,https://kammasheh.com,benign,0.00,0,0.20,0,0.00|0.00|0.00|0.00|0.00|0.00|1.00|0.50|0.00|0.00|0.00|0.00|0.00|0.00|0.00,0.00|0.00|0.00|0.00|0.00|0.00|0.00|0.00|0.00|0.00|0.00|0.00|0.20,0.0000|0.0000|0.0000|0.0000|0.0000|0.0000|0.2683|0.1342|0.0000|0.0000|0.0000|0.0000|0.0000|0.0000|0.0000|0.0000|0.0000|0.0000|0.0000|0.0000|0.0000|0.0000|0.0000|0.0000|0.0000|0.0000|0.0000|0.7000
handtec.co.uk,https://handtec.co.uk,benign,0.00,0,0.37,0,0.00|0.00|0.00|0.00|0.00|0.00|1.00|0.50|0.00|0.00|0.00|0.00|0.00|0.00|0.00,0.00|0.00|1.00|0.00|1.00|0.00|0.00|0.00|0.00|0.00|0.00|0.00|0.37,0.0000|0.0000|0.0000|0.0000|0.0000|0.0000|0.2683|0.1342|0.0000|0.0000|0.0000|0.0000|0.0000|0.0000|0.0000|0.0000|0.0000|0.4791|0.0000|0.4791|0.0000|0.0000|0.0000|0.0000|0.0000|0.0000|0.0000|0.1758
adele.org,https://adele.org,benign,0.00,0,0.20,0,0.00|0.00|0.00|0.00|0.00|0.00|1.00|0.50|0.00|0.00|0.00|0.00|0.00|0.00|0.00,0.00|0.00|0.00|0.00|0.00|0.00|0.00|0.00|0.00|0.00|0.00|0.00|0.20,0.0000|0.0000|0.0000|0.0000|0.0000|0.0000|0.2683|0.1342|0.0000|0.0000|0.0000|0.0000|0.0000|0.0000|0.0000|0.0000|0.0000|0.0000|0.0000|0.0000|0.0000|0.0000|0.0000|0.0000|0.0000|0.0000|0.0000|0.7000
inkhabar.com,https://inkhabar.com,benign,0.00,0,0.24,0,0.00|0.00|0.00|0.00|0.00|0.00|1.00|0.50|0.00|0.00|0.00|0.00|0.00|0.00|0.00,0.00|0.00|0.00|0.00|1.00|0.00|0.00|0.00|0.00|0.00|0.00|0.00|0.24,0.0000|0.0000|0.0000|0.0000|0.0000|0.0000|0.2683|0.1342|0.0000|0.0000|0.0000|0.0000|0.0000|0.0000|0.0000|0.0000|0.0000|0.0000|0.0000|0.6804|0.0000|0.0000|0.0000|0.0000|0.0000|0.0000|0.0000|0.1646
grouvee.com,https://grouvee.com,benign,0.00,0,0.33,0,0.00|0.00|0.00|0.00|0.00|0.00|1.00|0.50|0.00|0.00|0.00|0.00|0.00|0.00|0.00,0.00|0.00|1.00|0.00|0.00|0.00|0.00|0.00|0.00|0.00|0.00|0.00|0.33,0.0000|0.0000|0.0000|0.0000|0.0000|0.0000|0.2683|0.1342|0.0000|0.0000|0.0000|0.0000|0.0000|0.0000|0.0000|0.0000|0.0000|0.6657|0.0000|0.0000|0.0000|0.0000|0.0000|0.0000|0.0000|0.0000|0.0000|0.2164
kakatiya.ac.in,https://kakatiya.ac.in,benign,0.00,0,0.33,0,0.00|0.00|0.00|0.00|0.00|0.00|1.00|0.50|0.00|0.00|0.00|0.00|0.00|0.00|0.00,0.00|0.00|1.00|0.00|0.00|0.00|0.00|0.00|0.00|0.00|0.00|0.00|0.33,0.0000|0.0000|0.0000|0.0000|0.0000|0.0000|0.2683|0.1342|0.0000|0.0000|0.0000|0.0000|0.0000|0.0000|0.0000|0.0000|0.0000|0.6657|0.0000|0.0000|0.0000|0.0000|0.0000|0.0000|0.0000|0.0000|0.0000|0.2164
admatic.com.tr,http://admatic.com.tr,benign,0.00,0,0.24,0,0.00|0.00|0.00|0.00|0.00|0.00|0.00|0.50|0.00|0.00|0.00|0.00|0.00|0.00|0.00,0.00|0.00|0.00|0.00|1.00|0.00|0.00|0.00|0.00|0.00|0.00|0.00|0.24,0.0000|0.0000|0.0000|0.0000|0.0000|0.0000|0.0000|0.3000|0.0000|0.0000|0.0000|0.0000|0.0000|0.0000|0.0000|0.0000|0.0000|0.0000|0.0000|0.6804|0.0000|0.0000|0.0000|0.0000|0.0000|0.0000|0.0000|0.1646
aeroprecisionusa.com,http://aeroprecisionusa.com,benign,0.00,0,0.33,0,0.00|0.00|0.00|0.00|0.00|0.00|0.00|0.50|0.00|0.00|0.00|0.00|0.00|0.00|0.00,0.00|0.00|1.00|0.00|0.00|0.00|0.00|0.00|0.00|0.00|0.00|0.00|0.33,0.0000|0.0000|0.0000|0.0000|0.0000|0.0000|0.0000|0.3000|0.0000|0.0000|0.0000|0.0000|0.0000|0.0000|0.0000|0.0000|0.0000|0.6657|0.0000|0.0000|0.0000|0.0000|0.0000|0.0000|0.0000|0.0000|0.0000|0.2164
groupalia.it,https://groupalia.it,benign,0.00,0,0.33,0,0.00|0.00|0.00|0.00|0.00|0.00|1.00|0.50|0.00|0.00|0.00|0.00|0.00|0.00|0.00,0.00|0.00|1.00|0.00|0.00|0.00|0.00|0.00|0.00|0.00|0.00|0.00|0.33,0.0000|0.0000|0.0000|0.0000|0.0000|0.0000|0.2683|0.1342|0.0000|0.0000|0.0000|0.0000|0.0000|0.0000|0.0000|0.0000|0.0000|0.6657|0.0000|0.0000|0.0000|0.0000|0.0000|0.0000|0.0000|0.0000|0.0000|0.2164
groppetti.eu,https://groppetti.eu,benign,0.00,0,0.35,0,0.00|0.00|0.00|0.00|0.00|0.00|1.00|0.50|0.00|0.00|0.00|0.00|0.00|0.00|0.00,1.00|0.00|0.00|0.00|1.00|0.00|0.00|0.00|0.00|0.00|0.00|0.00|0.35,0.0000|0.0000|0.0000|0.0000|0.0000|0.0000|0.2683|0.1342|0.0000|0.0000|0.0000|0.0000|0.0000|0.0000|0.0000|0.4808|0.0000|0.0000|0.0000|0.4808|0.0000|0.0000|0.0000|0.0000|0.0000|0.0000|0.0000|0.1664
hardsubcafe.net,https://hardsubcafe.net,benign,0.00,0,0.33,0,0.00|0.00|0.00|0.00|0.00|0.00|1.00|0.50|0.00|0.00|0.00|0.00|0.00|0.00|0.00,0.00|0.00|1.00|0.00|0.00|0.00|0.00|0.00|0.00|0.00|0.00|0.00|0.33,0.0000|0.0000|0.0000|0.0000|0.0000|0.0000|0.2683|0.1342|0.0000|0.0000|0.0000|0.0000|0.0000|0.0000|0.0000|0.0000|0.0000|0.6657|0.0000|0.0000|0.0000|0.0000|0.0000|0.0000|0.0000|0.0000|0.0000|0.2164
afisha.uz,https://afisha.uz,benign,0.00,0,0.20,0,0.00|0.00|0.00|0.00|0.00|0.00|1.00|0.50|0.00|0.00|0.00|0.00|0.00|0.00|0.00,0.00|0.00|0.00|0.00|0.00|0.00|0.00|0.00|0.00|0.00|0.00|0.00|0.20,0.0000|0.0000|0.0000|0.0000|0.0000|0.0000|0.2683|0.1342|0.0000|0.0000|0.0000|0.0000|0.0000|0.0000|0.0000|0.0000|0.0000|0.0000|0.0000|0.0000|0.0000|0.0000|0.0000|0.0000|0.0000|0.0000|0.0000|0.7000
grooves-inc.com,https://grooves-inc.com,benign,0.00,0,0.20,0,0.00|0.00|0.00|0.00|0.00|0.00|1.00|0.50|0.00|0.00|0.00|0.00|0.00|0.00|0.00,0.00|0.00|0.00|0.00|0.00|0.00|0.00|0.00|0.00|0.00|0.00|0.00|0.20,0.0000|0.0000|0.0000|0.0000|0.0000|0.0000|0.2683|0.1342|0.0000|0.0000|0.0000|0.0000|0.0000|0.0000|0.0000|0.0000|0.0000|0.0000|0.0000|0.0000|0.0000|0.0000|0.0000|0.0000|0.0000|0.0000|0.0000|0.7000
zoom.co.uk,https://zoom.co.uk,benign,0.00,0,0.24,0,0.00|0.00|0.00|0.00|0.00|0.00|1.00|0.50|0.00|0.00|0.00|0.00|0.00|0.00|0.00,0.00|0.00|0.00|0.00|1.00|0.00|0.00|0.00|0.00|0.00|0.00|0.00|0.24,0.0000|0.0000|0.0000|0.0000|0.0000|0.0000|0.2683|0.1342|0.0000|0.0000|0.0000|0.0000|0.0000|0.0000|0.0000|0.0000|0.0000|0.0000|0.0000|0.6804|0.0000|0.0000|0.0000|0.0000|0.0000|0.0000|0.0000|0.1646
gsis.gr,https://gsis.gr,benign,0.00,0,0.20,0,0.00|0.00|0.00|0.00|0.00|0.00|1.00|0.50|0.00|0.00|0.00|0.00|0.00|0.00|0.00,0.00|0.00|0.00|0.00|0.00|0.00|0.00|0.00|0.00|0.00|0.00|0.00|0.20,0.0000|0.0000|0.0000|0.0000|0.0000|0.0000|0.2683|0.1342|0.0000|0.0000|0.0000|0.0000|0.0000|0.0000|0.0000|0.0000|0.0000|0.0000|0.0000|0.0000|0.0000|0.0000|0.0000|0.0000|0.0000|0.0000|0.0000|0.7000
happy88.com,https://happy88.com,benign,0.00,0,0.35,0,0.00|0.00|0.00|0.00|0.00|0.00|1.00|0.50|0.00|0.00|0.00|0.00|0.00|0.00|0.00,1.00|0.00|0.00|0.00|1.00|0.00|0.00|0.00|0.00|0.00|0.00|0.00|0.35,0.0000|0.0000|0.0000|0.0000|0.0000|0.0000|0.2683|0.1342|0.0000|0.0000|0.0000|0.0000|0.0000|0.0000|0.0000|0.4808|0.0000|0.0000|0.0000|0.4808|0.0000|0.0000|0.0000|0.0000|0.0000|0.0000|0.0000|0.1664
guidetoiceland.is,https://guidetoiceland.is,benign,0.00,0,0.33,0,0.00|0.00|0.00|0.00|0.00|0.00|1.00|0.50|0.00|0.00|0.00|0.00|0.00|0.00|0.00,0.00|0.00|1.00|0.00|0.00|0.00|0.00|0.00|0.00|0.00|0.00|0.00|0.33,0.0000|0.0000|0.0000|0.0000|0.0000|0.0000|0.2683|0.1342|0.0000|0.0000|0.0000|0.0000|0.0000|0.0000|0.0000|0.0000|0.0000|0.6657|0.0000|0.0000|0.0000|0.0000|0.0000|0.0000|0.0000|0.0000|0.0000|0.2164
happiestbaby.com,https://happiestbaby.com,benign,0.00,0,0.24,0,0.00|0.00|0.00|0.00|0.00|0.00|1.00|0.50|0.00|0.00|0.00|0.00|0.00|0.00|0.00,0.00|0.00|0.00|0.00|1.00|0.00|0.00|0.00|0.00|0.00|0.00|0.00|0.24,0.0000|0.0000|0.0000|0.0000|0.0000|0.0000|0.2683|0.1342|0.0000|0.0000|0.0000|0.0000|0.0000|0.0000|0.0000|0.0000|0.0000|0.0000|0.0000|0.6804|0.0000|0.0000|0.0000|0.0000|0.0000|0.0000|0.0000|0.1646
handyhardcore.com,https://handyhardcore.com,benign,0.00,0,0.33,0,0.00|0.00|0.00|0.00|0.00|0.00|1.00|0.50|0.00|0.00|0.00|0.00|0.00|0.00|0.00,0.00|0.00|1.00|0.00|0.00|0.00|0.00|0.00|0.00|0.00|0.00|0.00|0.33,0.0000|0.0000|0.0000|0.0000|0.0000|0.0000|0.2683|0.1342|0.0000|0.0000|0.0000|0.0000|0.0000|0.0000|0.0000|0.0000|0.0000|0.6657|0.0000|0.0000|0.0000|0.0000|0.0000|0.0000|0.0000|0.0000|0.0000|0.2164
grps.org,https://grps.org,benign,0.00,0,0.20,0,0.00|0.00|0.00|0.00|0.00|0.00|1.00|0.50|0.00|0.00|0.00|0.00|0.00|0.00|0.00,0.00|0.00|0.00|0.00|0.00|0.00|0.00|0.00|0.00|0.00|0.00|0.00|0.20,0.0000|0.0000|0.0000|0.0000|0.0000|0.0000|0.2683|0.1342|0.0000|0.0000|0.0000|0.0000|0.0000|0.0000|0.0000|0.0000|0.0000|0.0000|0.0000|0.0000|0.0000|0.0000|0.0000|0.0000|0.0000|0.0000|0.0000|0.7000
gru.com,https://gru.com,benign,0.00,0,0.24,0,0.00|0.00|0.00|0.00|0.00|0.00|1.00|0.50|0.00|0.00|0.00|0.00|0.00|0.00|0.00,0.00|0.00|0.00|0.00|1.00|0.00|0.00|0.00|0.00|0.00|0.00|0.00|0.24,0.0000|0.0000|0.0000|0.0000|0.0000|0.0000|0.2683|0.1342|0.0000|0.0000|0.0000|0.0000|0.0000|0.0000|0.0000|0.0000|0.0000|0.0000|0.0000|0.6804|0.0000|0.0000|0.0000|0.0000|0.0000|0.0000|0.0000|0.1646
admedia.com,http://admedia.com,benign,0.00,0,0.20,0,0.00|0.00|0.00|0.00|0.00|0.00|0.00|0.50|0.00|0.00|0.00|0.00|0.00|0.00|0.00,0.00|0.00|0.00|0.00|0.00|0.00|0.00|0.00|0.00|0.00|0.00|0.00|0.20,0.0000|0.0000|0.0000|0.0000|0.0000|0.0000|0.0000|0.3000|0.0000|0.0000|0.0000|0.0000|0.0000|0.0000|0.0000|0.0000|0.0000|0.0000|0.0000|0.0000|0.0000|0.0000|0.0000|0.0000|0.0000|0.0000|0.0000|0.7000
zzgays.com,https://zzgays.com,benign,0.00,0,0.33,0,0.00|0.00|0.00|0.00|0.00|0.00|1.00|0.50|0.00|0.00|0.00|0.00|0.00|0.00|0.00,0.00|0.00|1.00|0.00|0.00|0.00|0.00|0.00|0.00|0.00|0.00|0.00|0.33,0.0000|0.0000|0.0000|0.0000|0.0000|0.0000|0.2683|0.1342|0.0000|0.0000|0.0000|0.0000|0.0000|0.0000|0.0000|0.0000|0.0000|0.6657|0.0000|0.0000|0.0000|0.0000|0.0000|0.0000|0.0000|0.0000|0.0000|0.2164
kam24.ru,https://kam24.ru,benign,0.00,0,0.20,0,0.00|0.00|0.00|0.00|0.00|0.00|1.00|0.50|0.00|0.00|0.00|0.00|0.00|0.00|0.00,0.00|0.00|0.00|0.00|0.00|0.00|0.00|0.00|0.00|0.00|0.00|0.00|0.20,0.0000|0.0000|0.0000|0.0000|0.0000|0.0000|0.2683|0.1342|0.0000|0.0000|0.0000|0.0000|0.0000|0.0000|0.0000|0.0000|0.0000|0.0000|0.0000|0.0000|0.0000|0.0000|0.0000|0.0000|0.0000|0.0000|0.0000|0.7000
3wcoffee.com,http://3wcoffee.com,benign,0.00,0,0.47,0,0.00|0.00|0.00|0.00|0.00|0.00|0.00|0.50|0.00|0.00|0.00|0.00|0.00|0.00|0.00,1.00|0.00|1.00|0.00|1.00|0.00|0.00|0.00|0.00|0.00|0.00|0.00|0.47,0.0000|0.0000|0.0000|0.0000|0.0000|0.0000|0.0000|0.3000|0.0000|0.0000|0.0000|0.0000|0.0000|0.0000|0.0000|0.3900|0.0000|0.3900|0.0000|0.3900|0.0000|0.0000|0.0000|0.0000|0.0000|0.0000|0.0000|0.1837
junodownload.com,http://junodownload.com,benign,0.00,0,0.24,0,0.00|0.00|0.00|0.00|0.00|0.00|0.00|0.50|0.00|0.00|0.00|0.00|0.00|0.00|0.00,0.00|0.00|0.00|0.00|1.00|0.00|0.00|0.00|0.00|0.00|0.00|0.00|0.24,0.0000|0.0000|0.0000|0.0000|0.0000|0.0000|0.0000|0.3000|0.0000|0.0000|0.0000|0.0000|0.0000|0.0000|0.0000|0.0000|0.0000|0.0000|0.0000|0.6804|0.0000|0.0000|0.0000|0.0000|0.0000|0.0000|0.0000|0.1646
gruenderszene.de,http://gruenderszene.de,benign,0.00,0,0.20,0,0.00|0.00|0.00|0.00|0.00|0.00|0.00|0.50|0.00|0.00|0.00|0.00|0.00|0.00|0.00,0.00|0.00|0.00|0.00|0.00|0.00|0.00|0.00|0.00|0.00|0.00|0.00|0.20,0.0000|0.0000|0.0000|0.0000|0.0000|0.0000|0.0000|0.3000|0.0000|0.0000|0.0000|0.0000|0.0000|0.0000|0.0000|0.0000|0.0000|0.0000|0.0000|0.0000|0.0000|0.0000|0.0000|0.0000|0.0000|0.0000|0.0000|0.7000
hanken.fi,https://hanken.fi,benign,0.00,0,0.33,0,0.00|0.00|0.00|0.00|0.00|0.00|1.00|0.50|0.00|0.00|0.00|0.00|0.00|0.00|0.00,0.00|0.00|1.00|0.00|0.00|0.00|0.00|0.00|0.00|0.00|0.00|0.00|0.33,0.0000|0.0000|0.0000|0.0000|0.0000|0.0000|0.2683|0.1342|0.0000|0.0000|0.0000|0.0000|0.0000|0.0000|0.0000|0.0000|0.0000|0.6657|0.0000|0.0000|0.0000|0.0000|0.0000|0.0000|0.0000|0.0000|0.0000|0.2164
kaleidacare.com,https://kaleidacare.com,benign,0.00,0,0.24,0,0.00|0.00|0.00|0.00|0.00|0.00|1.00|0.50|0.00|0.00|0.00|0.00|0.00|0.00|0.00,0.00|0.00|0.00|0.00|1.00|0.00|0.00|0.00|0.00|0.00|0.00|0.00|0.24,0.0000|0.0000|0.0000|0.0000|0.0000|0.0000|0.2683|0.1342|0.0000|0.0000|0.0000|0.0000|0.0000|0.0000|0.0000|0.0000|0.0000|0.0000|0.0000|0.6804|0.0000|0.0000|0.0000|0.0000|0.0000|0.0000|0.0000|0.1646
zonaimage.net,https://zonaimage.net,benign,0.00,0,0.30,0,0.00|0.00|0.00|0.00|0.00|0.00|1.00|0.50|0.00|0.00|0.00|0.00|0.00|0.00|0.00,1.00|0.00|0.00|0.00|0.00|0.00|0.00|0.00|0.00|0.00|0.00|0.00|0.30,0.0000|0.0000|0.0000|0.0000|0.0000|0.0000|0.2683|0.1342|0.0000|0.0000|0.0000|0.0000|0.0000|0.0000|0.0000|0.6697|0.0000|0.0000|0.0000|0.0000|0.0000|0.0000|0.0000|0.0000|0.0000|0.0000|0.0000|0.2036
ilex.by,https://ilex.by,benign,0.00,0,0.20,0,0.00|0.00|0.00|0.00|0.00|0.00|1.00|0.50|0.00|0.00|0.00|0.00|0.00|0.00|0.00,0.00|0.00|0.00|0.00|0.00|0.00|0.00|0.00|0.00|0.00|0.00|0.00|0.20,0.0000|0.0000|0.0000|0.0000|0.0000|0.0000|0.2683|0.1342|0.0000|0.0000|0.0000|0.0000|0.0000|0.0000|0.0000|0.0000|0.0000|0.0000|0.0000|0.0000|0.0000|0.0000|0.0000|0.0000|0.0000|0.0000|0.0000|0.7000
admiralmarkets.fr,http://admiralmarkets.fr,benign,0.00,0,0.24,0,0.00|0.00|0.00|0.00|0.00|0.00|0.00|0.50|0.00|0.00|0.00|0.00|0.00|0.00|0.00,0.00|0.00|0.00|0.00|1.00|0.00|0.00|0.00|0.00|0.00|0.00|0.00|0.24,0.0000|0.0000|0.0000|0.0000|0.0000|0.0000|0.0000|0.3000|0.0000|0.0000|0.0000|0.0000|0.0000|0.0000|0.0000|0.0000|0.0000|0.0000|0.0000|0.6804|0.0000|0.0000|0.0000|0.0000|0.0000|0.0000|0.0000|0.1646
happyscribe.co,https://happyscribe.co,benign,0.00,0,0.20,0,0.00|0.00|0.00|0.00|0.00|0.00|1.00|0.50|0.00|0.00|0.00|0.00|0.00|0.00|0.00,0.00|0.00|0.00|0.00|0.00|0.00|0.00|0.00|0.00|0.00|0.00|0.00|0.20,0.0000|0.0000|0.0000|0.0000|0.0000|0.0000|0.2683|0.1342|0.0000|0.0000|0.0000|0.0000|0.0000|0.0000|0.0000|0.0000|0.0000|0.0000|0.0000|0.0000|0.0000|0.0000|0.0000|0.0000|0.0000|0.0000|0.0000|0.7000
zildjian.com,https://zildjian.com,benign,0.00,0,0.33,0,0.00|0.00|0.00|0.00|0.00|0.00|1.00|0.50|0.00|0.00|0.00|0.00|0.00|0.00|0.00,0.00|0.00|1.00|0.00|0.00|0.00|0.00|0.00|0.00|0.00|0.00|0.00|0.33,0.0000|0.0000|0.0000|0.0000|0.0000|0.0000|0.2683|0.1342|0.0000|0.0000|0.0000|0.0000|0.0000|0.0000|0.0000|0.0000|0.0000|0.6657|0.0000|0.0000|0.0000|0.0000|0.0000|0.0000|0.0000|0.0000|0.0000|0.2164
zvpn.me,https://zvpn.me,benign,0.00,0,0.24,0,0.00|0.00|0.00|0.00|0.00|0.00|1.00|0.50|0.00|0.00|0.00|0.00|0.00|0.00|0.00,0.00|0.00|0.00|0.00|1.00|0.00|0.00|0.00|0.00|0.00|0.00|0.00|0.24,0.0000|0.0000|0.0000|0.0000|0.0000|0.0000|0.2683|0.1342|0.0000|0.0000|0.0000|0.0000|0.0000|0.0000|0.0000|0.0000|0.0000|0.0000|0.0000|0.6804|0.0000|0.0000|0.0000|0.0000|0.0000|0.0000|0.0000|0.1646
ikarus.de,https://ikarus.de,benign,0.00,0,0.20,0,0.00|0.00|0.00|0.00|0.00|0.00|1.00|0.50|0.00|0.00|0.00|0.00|0.00|0.00|0.00,0.00|0.00|0.00|0.00|0.00|0.00|0.00|0.00|0.00|0.00|0.00|0.00|0.20,0.0000|0.0000|0.0000|0.0000|0.0000|0.0000|0.2683|0.1342|0.0000|0.0000|0.0000|0.0000|0.0000|0.0000|0.0000|0.0000|0.0000|0.0000|0.0000|0.0000|0.0000|0.0000|0.0000|0.0000|0.0000|0.0000|0.0000|0.7000
adminbox.eu,https://adminbox.eu,benign,0.00,0,0.20,0,0.00|0.00|0.00|0.00|0.00|0.00|1.00|0.50|0.00|0.00|0.00|0.00|0.00|0.00|0.00,0.00|0.00|0.00|0.00|0.00|0.00|0.00|0.00|0.00|0.00|0.00|0.00|0.20,0.0000|0.0000|0.0000|0.0000|0.0000|0.0000|0.2683|0.1342|0.0000|0.0000|0.0000|0.0000|0.0000|0.0000|0.0000|0.0000|0.0000|0.0000|0.0000|0.0000|0.0000|0.0000|0.0000|0.0000|0.0000|0.0000|0.0000|0.7000
handheldlegend.com,https://handheldlegend.com,benign,0.00,0,0.33,0,0.00|0.00|0.00|0.00|0.00|0.00|1.00|0.50|0.00|0.00|0.00|0.00|0.00|0.00|0.00,0.00|0.00|1.00|0.00|0.00|0.00|0.00|0.00|0.00|0.00|0.00|0.00|0.33,0.0000|0.0000|0.0000|0.0000|0.0000|0.0000|0.2683|0.1342|0.0000|0.0000|0.0000|0.0000|0.0000|0.0000|0.0000|0.0000|0.0000|0.6657|0.0000|0.0000|0.0000|0.0000|0.0000|0.0000|0.0000|0.0000|0.0000|0.2164
gsa-online.de,https://gsa-online.de,benign,0.00,0,0.24,0,0.00|0.00|0.00|0.00|0.00|0.00|1.00|0.50|0.00|0.00|0.00|0.00|0.00|0.00|0.00,0.00|0.00|0.00|0.00|1.00|0.00|0.00|0.00|0.00|0.00|0.00|0.00|0.24,0.0000|0.0000|0.0000|0.0000|0.0000|0.0000|0.2683|0.1342|0.0000|0.0000|0.0000|0.0000|0.0000|0.0000|0.0000|0.0000|0.0000|0.0000|0.0000|0.6804|0.0000|0.0000|0.0000|0.0000|0.0000|0.0000|0.0000|0.1646
kaloricketabulky.cz,https://kaloricketabulky.cz,benign,0.00,0,0.20,0,0.00|0.00|0.00|0.00|0.00|0.00|1.00|0.50|0.00|0.00|0.00|0.00|0.00|0.00|0.00,0.00|0.00|0.00|0.00|0.00|0.00|0.00|0.00|0.00|0.00|0.00|0.00|0.20,0.0000|0.0000|0.0000|0.0000|0.0000|0.0000|0.2683|0.1342|0.0000|0.0000|0.0000|0.0000|0.0000|0.0000|0.0000|0.0000|0.0000|0.0000|0.0000|0.0000|0.0000|0.0000|0.0000|0.0000|0.0000|0.0000|0.0000|0.7000
kagedmuscle.com,https://kagedmuscle.com,benign,0.00,0,0.24,0,0.00|0.00|0.00|0.00|0.00|0.00|1.00|0.50|0.00|0.00|0.00|0.00|0.00|0.00|0.00,0.00|0.00|0.00|0.00|1.00|0.00|0.00|0.00|0.00|0.00|0.00|0.00|0.24,0.0000|0.0000|0.0000|0.0000|0.0000|0.0000|0.2683|0.1342|0.0000|0.0000|0.0000|0.0000|0.0000|0.0000|0.0000|0.0000|0.0000|0.0000|0.0000|0.6804|0.0000|0.0000|0.0000|0.0000|0.0000|0.0000|0.0000|0.1646
iknowthatgirl.com,http://iknowthatgirl.com,benign,0.00,0,0.20,0,0.00|0.00|0.00|0.00|0.00|0.00|0.00|0.50|0.00|0.00|0.00|0.00|0.00|0.00|0.00,0.00|0.00|0.00|0.00|0.00|0.00|0.00|0.00|0.00|0.00|0.00|0.00|0.20,0.0000|0.0000|0.0000|0.0000|0.0000|0.0000|0.0000|0.3000|0.0000|0.0000|0.0000|0.0000|0.0000|0.0000|0.0000|0.0000|0.0000|0.0000|0.0000|0.0000|0.0000|0.0000|0.0000|0.0000|0.0000|0.0000|0.0000|0.7000
adea.org,https://adea.org,benign,0.00,0,0.33,0,0.00|0.00|0.00|0.00|0.00|0.00|1.00|0.50|0.00|0.00|0.00|0.00|0.00|0.00|0.00,0.00|0.00|1.00|0.00|0.00|0.00|0.00|0.00|0.00|0.00|0.00|0.00|0.33,0.0000|0.0000|0.0000|0.0000|0.0000|0.0000|0.2683|0.1342|0.0000|0.0000|0.0000|0.0000|0.0000|0.0000|0.0000|0.0000|0.0000|0.6657|0.0000|0.0000|0.0000|0.0000|0.0000|0.0000|0.0000|0.0000|0.0000|0.2164
instajoo.ir,https://instajoo.ir,benign,0.00,0,0.41,0,0.00|0.00|0.00|0.00|0.00|0.00|1.00|0.50|0.00|0.00|0.00|0.00|0.00|0.00|0.00,0.00|0.00|0.00|0.00|1.00|1.00|0.00|0.00|0.00|0.00|0.00|0.00|0.41,0.0000|0.0000|0.0000|0.0000|0.0000|0.0000|0.2683|0.1342|0.0000|0.0000|0.0000|0.0000|0.0000|0.0000|0.0000|0.0000|0.0000|0.0000|0.0000|0.4756|0.4756|0.0000|0.0000|0.0000|0.0000|0.0000|0.0000|0.1940
jw2019.org,https://jw2019.org,benign,0.00,0,0.20,0,0.00|0.00|0.00|0.00|0.00|0.00|1.00|0.50|0.00|0.00|0.00|0.00|0.00|0.00|0.00,0.00|0.00|0.00|0.00|0.00|0.00|0.00|0.00|0.00|0.00|0.00|0.00|0.20,0.0000|0.0000|0.0000|0.0000|0.0000|0.0000|0.2683|0.1342|0.0000|0.0000|0.0000|0.0000|0.0000|0.0000|0.0000|0.0000|0.0000|0.0000|0.0000|0.0000|0.0000|0.0000|0.0000|0.0000|0.0000|0.0000|0.0000|0.7000
innocigs.com,https://innocigs.com,benign,0.00,0,0.24,0,0.00|0.00|0.00|0.00|0.00|0.00|1.00|0.50|0.00|0.00|0.00|0.00|0.00|0.00|0.00,0.00|0.00|0.00|0.00|1.00|0.00|0.00|0.00|0.00|0.00|0.00|0.00|0.24,0.0000|0.0000|0.0000|0.0000|0.0000|0.0000|0.2683|0.1342|0.0000|0.0000|0.0000|0.0000|0.0000|0.0000|0.0000|0.0000|0.0000|0.0000|0.0000|0.6804|0.0000|0.0000|0.0000|0.0000|0.0000|0.0000|0.0000|0.1646
k12teacherstaffdevelopment.com,https://k12teacherstaffdevelopment.com,benign,0.00,0,0.20,0,0.00|0.00|0.00|0.00|0.00|0.00|1.00|0.50|0.00|0.00|0.00|0.00|0.00|0.00|0.00,0.00|0.00|0.00|0.00|0.00|0.00|0.00|0.00|0.00|0.00|0.00|0.00|0.20,0.0000|0.0000|0.0000|0.0000|0.0000|0.0000|0.2683|0.1342|0.0000|0.0000|0.0000|0.0000|0.0000|0.0000|0.0000|0.0000|0.0000|0.0000|0.0000|0.0000|0.0000|0.0000|0.0000|0.0000|0.0000|0.0000|0.0000|0.7000
admireme.vip,https://admireme.vip,benign,0.00,0,0.30,0,0.00|0.00|0.00|0.00|0.00|0.00|1.00|0.50|0.00|0.00|0.00|0.00|0.00|0.00|0.00,1.00|0.00|0.00|0.00|0.00|0.00|0.00|0.00|0.00|0.00|0.00|0.00|0.30,0.0000|0.0000|0.0000|0.0000|0.0000|0.0000|0.2683|0.1342|0.0000|0.0000|0.0000|0.0000|0.0000|0.0000|0.0000|0.6697|0.0000|0.0000|0.0000|0.0000|0.0000|0.0000|0.0000|0.0000|0.0000|0.0000|0.0000|0.2036
affiliatemarketingdude.com,https://affiliatemarketingdude.com,benign,0.00,0,0.20,0,0.00|0.00|0.00|0.00|0.00|0.00|1.00|0.50|0.00|0.00|0.00|0.00|0.00|0.00|0.00,0.00|0.00|0.00|0.00|0.00|0.00|0.00|0.00|0.00|0.00|0.00|0.00|0.20,0.0000|0.0000|0.0000|0.0000|0.0000|0.0000|0.2683|0.1342|0.0000|0.0000|0.0000|0.0000|0.0000|0.0000|0.0000|0.0000|0.0000|0.0000|0.0000|0.0000|0.0000|0.0000|0.0000|0.0000|0.0000|0.0000|0.0000|0.7000
hardwarestore.com,http://hardwarestore.com,benign,0.00,0,0.37,0,0.00|0.00|0.00|0.00|0.00|0.00|0.00|0.50|0.00|0.00|0.00|0.00|0.00|0.00|0.00,0.00|0.00|1.00|0.00|1.00|0.00|0.00|0.00|0.00|0.00|0.00|0.00|0.37,0.0000|0.0000|0.0000|0.0000|0.0000|0.0000|0.0000|0.3000|0.0000|0.0000|0.0000|0.0000|0.0000|0.0000|0.0000|0.0000|0.0000|0.4791|0.0000|0.4791|0.0000|0.0000|0.0000|0.0000|0.0000|0.0000|0.0000|0.1758
iliadint.com,https://iliadint.com,benign,0.00,0,0.33,0,0.00|0.00|0.00|0.00|0.00|0.00|1.00|0.50|0.00|0.00|0.00|0.00|0.00|0.00|0.00,0.00|0.00|1.00|0.00|0.00|0.00|0.00|0.00|0.00|0.00|0.00|0.00|0.33,0.0000|0.0000|0.0000|0.0000|0.0000|0.0000|0.2683|0.1342|0.0000|0.0000|0.0000|0.0000|0.0000|0.0000|0.0000|0.0000|0.0000|0.6657|0.0000|0.0000|0.0000|0.0000|0.0000|0.0000|0.0000|0.0000|0.0000|0.2164
juegosfull5.com,http://juegosfull5.com,benign,0.00,0,0.24,0,0.00|0.00|0.00|0.00|0.00|0.00|0.00|0.50|0.00|0.00|0.00|0.00|0.00|0.00|0.00,0.00|0.00|0.00|0.00|1.00|0.00|0.00|0.00|0.00|0.00|0.00|0.00|0.24,0.0000|0.0000|0.0000|0.0000|0.0000|0.0000|0.0000|0.3000|0.0000|0.0000|0.0000|0.0000|0.0000|0.0000|0.0000|0.0000|0.0000|0.0000|0.0000|0.6804|0.0000|0.0000|0.0000|0.0000|0.0000|0.0000|0.0000|0.1646
zong.com.pk,https://zong.com.pk,benign,0.00,0,0.37,0,0.00|0.00|0.00|0.00|0.00|0.00|1.00|0.50|0.00|0.00|0.00|0.00|0.00|0.00|0.00,0.00|0.00|1.00|0.00|1.00|0.00|0.00|0.00|0.00|0.00|0.00|0.00|0.37,0.0000|0.0000|0.0000|0.0000|0.0000|0.0000|0.2683|0.1342|0.0000|0.0000|0.0000|0.0000|0.0000|0.0000|0.0000|0.0000|0.0000|0.4791|0.0000|0.4791|0.0000|0.0000|0.0000|0.0000|0.0000|0.0000|0.0000|0.1758
kalashnikov.ru,https://kalashnikov.ru,benign,0.00,0,0.24,0,0.00|0.00|0.00|0.00|0.00|0.00|1.00|0.50|0.00|0.00|0.00|0.00|0.00|0.00|0.00,0.00|0.00|0.00|0.00|1.00|0.00|0.00|0.00|0.00|0.00|0.00|0.00|0.24,0.0000|0.0000|0.0000|0.0000|0.0000|0.0000|0.2683|0.1342|0.0000|0.0000|0.0000|0.0000|0.0000|0.0000|0.0000|0.0000|0.0000|0.0000|0.0000|0.6804|0.0000|0.0000|0.0000|0.0000|0.0000|0.0000|0.0000|0.1646
affiliatesummit.com,https://affiliatesummit.com,benign,0.00,0,0.20,0,0.00|0.00|0.00|0.00|0.00|0.00|1.00|0.50|0.00|0.00|0.00|0.00|0.00|0.00|0.00,0.00|0.00|0.00|0.00|0.00|0.00|0.00|0.00|0.00|0.00|0.00|0.00|0.20,0.0000|0.0000|0.0000|0.0000|0.0000|0.0000|0.2683|0.1342|0.0000|0.0000|0.0000|0.0000|0.0000|0.0000|0.0000|0.0000|0.0000|0.0000|0.0000|0.0000|0.0000|0.0000|0.0000|0.0000|0.0000|0.0000|0.0000|0.7000
ilboursa.com,https://ilboursa.com,benign,0.00,0,0.20,0,0.00|0.00|0.00|0.00|0.00|0.00|1.00|0.50|0.00|0.00|0.00|0.00|0.00|0.00|0.00,0.00|0.00|0.00|0.00|0.00|0.00|0.00|0.00|0.00|0.00|0.00|0.00|0.20,0.0000|0.0000|0.0000|0.0000|0.0000|0.0000|0.2683|0.1342|0.0000|0.0000|0.0000|0.0000|0.0000|0.0000|0.0000|0.0000|0.0000|0.0000|0.0000|0.0000|0.0000|0.0000|0.0000|0.0000|0.0000|0.0000|0.0000|0.7000
admit-one.eu,https://admit-one.eu,benign,0.00,0,0.24,0,0.00|0.00|0.00|0.00|0.00|0.00|1.00|0.50|0.00|0.00|0.00|0.00|0.00|0.00|0.00,0.00|0.00|0.00|0.00|1.00|0.00|0.00|0.00|0.00|0.00|0.00|0.00|0.24,0.0000|0.0000|0.0000|0.0000|0.0000|0.0000|0.2683|0.1342|0.0000|0.0000|0.0000|0.0000|0.0000|0.0000|0.0000|0.0000|0.0000|0.0000|0.0000|0.6804|0.0000|0.0000|0.0000|0.0000|0.0000|0.0000|0.0000|0.1646
kainos.com,http://kainos.com,benign,0.00,0,0.24,0,0.00|0.00|0.00|0.00|0.00|0.00|0.00|0.50|0.00|0.00|0.00|0.00|0.00|0.00|0.00,0.00|0.00|0.00|0.00|1.00|0.00|0.00|0.00|0.00|0.00|0.00|0.00|0.24,0.0000|0.0000|0.0000|0.0000|0.0000|0.0000|0.0000|0.3000|0.0000|0.0000|0.0000|0.0000|0.0000|0.0000|0.0000|0.0000|0.0000|0.0000|0.0000|0.6804|0.0000|0.0000|0.0000|0.0000|0.0000|0.0000|0.0000|0.1646
zylom.com,https://zylom.com,benign,0.00,0,0.24,0,0.00|0.00|0.00|0.00|0.00|0.00|1.00|0.50|0.00|0.00|0.00|0.00|0.00|0.00|0.00,0.00|0.00|0.00|0.00|1.00|0.00|0.00|0.00|0.00|0.00|0.00|0.00|0.24,0.0000|0.0000|0.0000|0.0000|0.0000|0.0000|0.2683|0.1342|0.0000|0.0000|0.0000|0.0000|0.0000|0.0000|0.0000|0.0000|0.0000|0.0000|0.0000|0.6804|0.0000|0.0000|0.0000|0.0000|0.0000|0.0000|0.0000|0.1646
gs1.org,https://gs1.org,benign,0.00,0,0.24,0,0.00|0.00|0.00|0.00|0.00|0.00|1.00|0.50|0.00|0.00|0.00|0.00|0.00|0.00|0.00,0.00|0.00|0.00|0.00|1.00|0.00|0.00|0.00|0.00|0.00|0.00|0.00|0.24,0.0000|0.0000|0.0000|0.0000|0.0000|0.0000|0.2683|0.1342|0.0000|0.0000|0.0000|0.0000|0.0000|0.0000|0.0000|0.0000|0.0000|0.0000|0.0000|0.6804|0.0000|0.0000|0.0000|0.0000|0.0000|0.0000|0.0000|0.1646
gsu.edu.tr,https://gsu.edu.tr,benign,0.00,0,0.20,0,0.00|0.00|0.00|0.00|0.00|0.00|1.00|0.50|0.00|0.00|0.00|0.00|0.00|0.00|0.00,0.00|0.00|0.00|0.00|0.00|0.00|0.00|0.00|0.00|0.00|0.00|0.00|0.20,0.0000|0.0000|0.0000|0.0000|0.0000|0.0000|0.2683|0.1342|0.0000|0.0000|0.0000|0.0000|0.0000|0.0000|0.0000|0.0000|0.0000|0.0000|0.0000|0.0000|0.0000|0.0000|0.0000|0.0000|0.0000|0.0000|0.0000|0.7000
aetnavision.com,https://aetnavision.com,benign,0.00,0,0.24,0,0.00|0.00|0.00|0.00|0.00|0.00|1.00|0.50|0.00|0.00|0.00|0.00|0.00|0.00|0.00,0.00|0.00|0.00|0.00|1.00|0.00|0.00|0.00|0.00|0.00|0.00|0.00|0.24,0.0000|0.0000|0.0000|0.0000|0.0000|0.0000|0.2683|0.1342|0.0000|0.0000|0.0000|0.0000|0.0000|0.0000|0.0000|0.0000|0.0000|0.0000|0.0000|0.6804|0.0000|0.0000|0.0000|0.0000|0.0000|0.0000|0.0000|0.1646
1d4chan.org,https://1d4chan.org,benign,0.00,0,0.33,0,0.00|0.00|0.00|0.00|0.00|0.00|1.00|0.50|0.00|0.00|0.00|0.00|0.00|0.00|0.00,0.00|0.00|1.00|0.00|0.00|0.00|0.00|0.00|0.00|0.00|0.00|0.00|0.33,0.0000|0.0000|0.0000|0.0000|0.0000|0.0000|0.2683|0.1342|0.0000|0.0000|0.0000|0.0000|0.0000|0.0000|0.0000|0.0000|0.0000|0.6657|0.0000|0.0000|0.0000|0.0000|0.0000|0.0000|0.0000|0.0000|0.0000|0.2164
gtihandbook.com,https://gtihandbook.com,benign,0.00,0,0.20,0,0.00|0.00|0.00|0.00|0.00|0.00|1.00|0.50|0.00|0.00|0.00|0.00|0.00|0.00|0.00,0.00|0.00|0.00|0.00|0.00|0.00|0.00|0.00|0.00|0.00|0.00|0.00|0.20,0.0000|0.0000|0.0000|0.0000|0.0000|0.0000|0.2683|0.1342|0.0000|0.0000|0.0000|0.0000|0.0000|0.0000|0.0000|0.0000|0.0000|0.0000|0.0000|0.0000|0.0000|0.0000|0.0000|0.0000|0.0000|0.0000|0.0000|0.7000
inogen.com,http://inogen.com,benign,0.00,0,0.24,0,0.00|0.00|0.00|0.00|0.00|0.00|0.00|0.50|0.00|0.00|0.00|0.00|0.00|0.00|0.00,0.00|0.00|0.00|0.00|1.00|0.00|0.00|0.00|0.00|0.00|0.00|0.00|0.24,0.0000|0.0000|0.0000|0.0000|0.0000|0.0000|0.0000|0.3000|0.0000|0.0000|0.0000|0.0000|0.0000|0.0000|0.0000|0.0000|0.0000|0.0000|0.0000|0.6804|0.0000|0.0000|0.0000|0.0000|0.0000|0.0000|0.0000|0.1646
zoho.in,https://zoho.in,benign,0.00,0,0.24,0,0.00|0.00|0.00|0.00|0.00|0.00|1.00|0.50|0.00|0.00|0.00|0.00|0.00|0.00|0.00,0.00|0.00|0.00|0.00|1.00|0.00|0.00|0.00|0.00|0.00|0.00|0.00|0.24,0.0000|0.0000|0.0000|0.0000|0.0000|0.0000|0.2683|0.1342|0.0000|0.0000|0.0000|0.0000|0.0000|0.0000|0.0000|0.0000|0.0000|0.0000|0.0000|0.6804|0.0000|0.0000|0.0000|0.0000|0.0000|0.0000|0.0000|0.1646
hausbau-forum.de,https://hausbau-forum.de,benign,0.00,0,0.20,0,0.00|0.00|0.00|0.00|0.00|0.00|1.00|0.50|0.00|0.00|0.00|0.00|0.00|0.00|0.00,0.00|0.00|0.00|0.00|0.00|0.00|0.00|0.00|0.00|0.00|0.00|0.00|0.20,0.0000|0.0000|0.0000|0.0000|0.0000|0.0000|0.2683|0.1342|0.0000|0.0000|0.0000|0.0000|0.0000|0.0000|0.0000|0.0000|0.0000|0.0000|0.0000|0.0000|0.0000|0.0000|0.0000|0.0000|0.0000|0.0000|0.0000|0.7000
harfetaze.com,https://harfetaze.com,benign,0.00,0,0.20,0,0.00|0.00|0.00|0.00|0.00|0.00|1.00|0.50|0.00|0.00|0.00|0.00|0.00|0.00|0.00,0.00|0.00|0.00|0.00|0.00|0.00|0.00|0.00|0.00|0.00|0.00|0.00|0.20,0.0000|0.0000|0.0000|0.0000|0.0000|0.0000|0.2683|0.1342|0.0000|0.0000|0.0000|0.0000|0.0000|0.0000|0.0000|0.0000|0.0000|0.0000|0.0000|0.0000|0.0000|0.0000|0.0000|0.0000|0.0000|0.0000|0.0000|0.7000
3riversfcu.net,https://3riversfcu.net,phishing,0.00,0,0.72,1,0.00|0.00|0.00|0.00|0.00|0.00|1.00|0.50|0.00|0.00|0.00|0.00|0.00|0.00|0.00,1.00|0.00|0.00|1.00|1.00|0.00|0.00|0.00|0.00|0.00|0.00|0.00|0.72,0.0000|0.0000|0.0000|0.0000|0.0000|0.0000|0.2683|0.1342|0.0000|0.0000|0.0000|0.0000|0.0000|0.0000|0.0000|0.3731|0.0000|0.0000|0.3731|0.3731|0.0000|0.0000|0.0000|0.0000|0.0000|0.0000|0.0000|0.2690
julesjordan.com,https://julesjordan.com,benign,0.00,0,0.24,0,0.00|0.00|0.00|0.00|0.00|0.00|1.00|0.50|0.00|0.00|0.00|0.00|0.00|0.00|0.00,0.00|0.00|0.00|0.00|1.00|0.00|0.00|0.00|0.00|0.00|0.00|0.00|0.24,0.0000|0.0000|0.0000|0.0000|0.0000|0.0000|0.2683|0.1342|0.0000|0.0000|0.0000|0.0000|0.0000|0.0000|0.0000|0.0000|0.0000|0.0000|0.0000|0.6804|0.0000|0.0000|0.0000|0.0000|0.0000|0.0000|0.0000|0.1646
harborfreight.com,https://harborfreight.com,benign,0.00,0,0.33,0,0.00|0.00|0.00|0.00|0.00|0.00|1.00|0.50|0.00|0.00|0.00|0.00|0.00|0.00|0.00,0.00|0.00|1.00|0.00|0.00|0.00|0.00|0.00|0.00|0.00|0.00|0.00|0.33,0.0000|0.0000|0.0000|0.0000|0.0000|0.0000|0.2683|0.1342|0.0000|0.0000|0.0000|0.0000|0.0000|0.0000|0.0000|0.0000|0.0000|0.6657|0.0000|0.0000|0.0000|0.0000|0.0000|0.0000|0.0000|0.0000|0.0000|0.2164
zoominformatica.com,https://zoominformatica.com,benign,0.00,0,0.20,0,0.00|0.00|0.00|0.00|0.00|0.00|1.00|0.50|0.00|0.00|0.00|0.00|0.00|0.00|0.00,0.00|0.00|0.00|0.00|0.00|0.00|0.00|0.00|0.00|0.00|0.00|0.00|0.20,0.0000|0.0000|0.0000|0.0000|0.0000|0.0000|0.2683|0.1342|0.0000|0.0000|0.0000|0.0000|0.0000|0.0000|0.0000|0.0000|0.0000|0.0000|0.0000|0.0000|0.0000|0.0000|0.0000|0.0000|0.0000|0.0000|0.0000|0.7000
addyp.com,https://addyp.com,benign,0.00,0,0.20,0,0.00|0.00|0.00|0.00|0.00|0.00|1.00|0.50|0.00|0.00|0.00|0.00|0.00|0.00|0.00,0.00|0.00|0.00|0.00|0.00|0.00|0.00|0.00|0.00|0.00|0.00|0.00|0.20,0.0000|0.0000|0.0000|0.0000|0.0000|0.0000|0.2683|0.1342|0.0000|0.0000|0.0000|0.0000|0.0000|0.0000|0.0000|0.0000|0.0000|0.0000|0.0000|0.0000|0.0000|0.0000|0.0000|0.0000|0.0000|0.0000|0.0000|0.7000
inmarsat.com,http://inmarsat.com,benign,0.00,0,0.24,0,0.00|0.00|0.00|0.00|0.00|0.00|0.00|0.50|0.00|0.00|0.00|0.00|0.00|0.00|0.00,0.00|0.00|0.00|0.00|1.00|0.00|0.00|0.00|0.00|0.00|0.00|0.00|0.24,0.0000|0.0000|0.0000|0.0000|0.0000|0.0000|0.0000|0.3000|0.0000|0.0000|0.0000|0.0000|0.0000|0.0000|0.0000|0.0000|0.0000|0.0000|0.0000|0.6804|0.0000|0.0000|0.0000|0.0000|0.0000|0.0000|0.0000|0.1646
groupexpro.com,https://groupexpro.com,benign,0.00,0,0.33,0,0.00|0.00|0.00|0.00|0.00|0.00|1.00|0.50|0.00|0.00|0.00|0.00|0.00|0.00|0.00,0.00|0.00|1.00|0.00|0.00|0.00|0.00|0.00|0.00|0.00|0.00|0.00|0.33,0.0000|0.0000|0.0000|0.0000|0.0000|0.0000|0.2683|0.1342|0.0000|0.0000|0.0000|0.0000|0.0000|0.0000|0.0000|0.0000|0.0000|0.6657|0.0000|0.0000|0.0000|0.0000|0.0000|0.0000|0.0000|0.0000|0.0000|0.2164
gruenderlexikon.de,https://gruenderlexikon.de,benign,0.00,0,0.20,0,0.00|0.00|0.00|0.00|0.00|0.00|1.00|0.50|0.00|0.00|0.00|0.00|0.00|0.00|0.00,0.00|0.00|0.00|0.00|0.00|0.00|0.00|0.00|0.00|0.00|0.00|0.00|0.20,0.0000|0.0000|0.0000|0.0000|0.0000|0.0000|0.2683|0.1342|0.0000|0.0000|0.0000|0.0000|0.0000|0.0000|0.0000|0.0000|0.0000|0.0000|0.0000|0.0000|0.0000|0.0000|0.0000|0.0000|0.0000|0.0000|0.0000|0.7000
harrypotterplatform934.com,https://harrypotterplatform934.com,benign,0.00,0,0.24,0,0.00|0.00|0.00|0.00|0.00|0.00|1.00|0.50|0.00|0.00|0.00|0.00|0.00|0.00|0.00,0.00|0.00|0.00|0.00|1.00|0.00|0.00|0.00|0.00|0.00|0.00|0.00|0.24,0.0000|0.0000|0.0000|0.0000|0.0000|0.0000|0.2683|0.1342|0.0000|0.0000|0.0000|0.0000|0.0000|0.0000|0.0000|0.0000|0.0000|0.0000|0.0000|0.6804|0.0000|0.0000|0.0000|0.0000|0.0000|0.0000|0.0000|0.1646
zimanclix.com,https://zimanclix.com,benign,0.00,0,0.20,0,0.00|0.00|0.00|0.00|0.00|0.00|1.00|0.50|0.00|0.00|0.00|0.00|0.00|0.00|0.00,0.00|0.00|0.00|0.00|0.00|0.00|0.00|0.00|0.00|0.00|0.00|0.00|0.20,0.0000|0.0000|0.0000|0.0000|0.0000|0.0000|0.2683|0.1342|0.0000|0.0000|0.0000|0.0000|0.0000|0.0000|0.0000|0.0000|0.0000|0.0000|0.0000|0.0000|0.0000|0.0000|0.0000|0.0000|0.0000|0.0000|0.0000|0.7000
jumpcloud.com,https://jumpcloud.com,benign,0.00,0,0.33,0,0.00|0.00|0.00|0.00|0.00|0.00|1.00|0.50|0.00|0.00|0.00|0.00|0.00|0.00|0.00,0.00|0.00|1.00|0.00|0.00|0.00|0.00|0.00|0.00|0.00|0.00|0.00|0.33,0.0000|0.0000|0.0000|0.0000|0.0000|0.0000|0.2683|0.1342|0.0000|0.0000|0.0000|0.0000|0.0000|0.0000|0.0000|0.0000|0.0000|0.6657|0.0000|0.0000|0.0000|0.0000|0.0000|0.0000|0.0000|0.0000|0.0000|0.2164
affinityspotlight.com,https://affinityspotlight.com,benign,0.00,0,0.24,0,0.00|0.00|0.00|0.00|0.00|0.00|1.00|0.50|0.00|0.00|0.00|0.00|0.00|0.00|0.00,0.00|0.00|0.00|0.00|1.00|0.00|0.00|0.00|0.00|0.00|0.00|0.00|0.24,0.0000|0.0000|0.0000|0.0000|0.0000|0.0000|0.2683|0.1342|0.0000|0.0000|0.0000|0.0000|0.0000|0.0000|0.0000|0.0000|0.0000|0.0000|0.0000|0.6804|0.0000|0.0000|0.0000|0.0000|0.0000|0.0000|0.0000|0.1646
adsblue.com,https://adsblue.com,benign,0.00,0,0.20,0,0.00|0.00|0.00|0.00|0.00|0.00|1.00|0.50|0.00|0.00|0.00|0.00|0.00|0.00|0.00,0.00|0.00|0.00|0.00|0.00|0.00|0.00|0.00|0.00|0.00|0.00|0.00|0.20,0.0000|0.0000|0.0000|0.0000|0.0000|0.0000|0.2683|0.1342|0.0000|0.0000|0.0000|0.0000|0.0000|0.0000|0.0000|0.0000|0.0000|0.0000|0.0000|0.0000|0.0000|0.0000|0.0000|0.0000|0.0000|0.0000|0.0000|0.7000
iita.org,http://iita.org,benign,0.00,0,0.20,0,0.00|0.00|0.00|0.00|0.00|0.00|0.00|0.50|0.00|0.00|0.00|0.00|0.00|0.00|0.00,0.00|0.00|0.00|0.00|0.00|0.00|0.00|0.00|0.00|0.00|0.00|0.00|0.20,0.0000|0.0000|0.0000|0.0000|0.0000|0.0000|0.0000|0.3000|0.0000|0.0000|0.0000|0.0000|0.0000|0.0000|0.0000|0.0000|0.0000|0.0000|0.0000|0.0000|0.0000|0.0000|0.0000|0.0000|0.0000|0.0000|0.0000|0.7000
instalki.pl,https://instalki.pl,benign,0.00,0,0.20,0,0.00|0.00|0.00|0.00|0.00|0.00|1.00|0.50|0.00|0.00|0.00|0.00|0.00|0.00|0.00,0.00|0.00|0.00|0.00|0.00|0.00|0.00|0.00|0.00|0.00|0.00|0.00|0.20,0.0000|0.0000|0.0000|0.0000|0.0000|0.0000|0.2683|0.1342|0.0000|0.0000|0.0000|0.0000|0.0000|0.0000|0.0000|0.0000|0.0000|0.0000|0.0000|0.0000|0.0000|0.0000|0.0000|0.0000|0.0000|0.0000|0.0000|0.7000
zohosites.com,https://zohosites.com,benign,0.00,0,0.24,0,0.00|0.00|0.00|0.00|0.00|0.00|1.00|0.50|0.00|0.00|0.00|0.00|0.00|0.00|0.00,0.00|0.00|0.00|0.00|1.00|0.00|0.00|0.00|0.00|0.00|0.00|0.00|0.24,0.0000|0.0000|0.0000|0.0000|0.0000|0.0000|0.2683|0.1342|0.0000|0.0000|0.0000|0.0000|0.0000|0.0000|0.0000|0.0000|0.0000|0.0000|0.0000|0.6804|0.0000|0.0000|0.0000|0.0000|0.0000|0.0000|0.0000|0.1646
growveg.com,https://growveg.com,benign,0.00,0,0.20,0,0.00|0.00|0.00|0.00|0.00|0.00|1.00|0.50|0.00|0.00|0.00|0.00|0.00|0.00|0.00,0.00|0.00|0.00|0.00|0.00|0.00|0.00|0.00|0.00|0.00|0.00|0.00|0.20,0.0000|0.0000|0.0000|0.0000|0.0000|0.0000|0.2683|0.1342|0.0000|0.0000|0.0000|0.0000|0.0000|0.0000|0.0000|0.0000|0.0000|0.0000|0.0000|0.0000|0.0000|0.0000|0.0000|0.0000|0.0000|0.0000|0.0000|0.7000
adf.ly,https://adf.ly,benign,0.00,0,0.20,0,0.00|0.00|0.00|0.00|0.00|0.00|1.00|0.50|0.00|0.00|0.00|0.00|0.00|0.00|0.00,0.00|0.00|0.00|0.00|0.00|0.00|0.00|0.00|0.00|0.00|0.00|0.00|0.20,0.0000|0.0000|0.0000|0.0000|0.0000|0.0000|0.2683|0.1342|0.0000|0.0000|0.0000|0.0000|0.0000|0.0000|0.0000|0.0000|0.0000|0.0000|0.0000|0.0000|0.0000|0.0000|0.0000|0.0000|0.0000|0.0000|0.0000|0.7000
4camping.cz,https://4camping.cz,benign,0.00,0,0.24,0,0.00|0.00|0.00|0.00|0.00|0.00|1.00|0.50|0.00|0.00|0.00|0.00|0.00|0.00|0.00,0.00|0.00|0.00|0.00|1.00|0.00|0.00|0.00|0.00|0.00|0.00|0.00|0.24,0.0000|0.0000|0.0000|0.0000|0.0000|0.0000|0.2683|0.1342|0.0000|0.0000|0.0000|0.0000|0.0000|0.0000|0.0000|0.0000|0.0000|0.0000|0.0000|0.6804|0.0000|0.0000|0.0000|0.0000|0.0000|0.0000|0.0000|0.1646
aerocrs.com,https://aerocrs.com,benign,0.00,0,0.20,0,0.00|0.00|0.00|0.00|0.00|0.00|1.00|0.50|0.00|0.00|0.00|0.00|0.00|0.00|0.00,0.00|0.00|0.00|0.00|0.00|0.00|0.00|0.00|0.00|0.00|0.00|0.00|0.20,0.0000|0.0000|0.0000|0.0000|0.0000|0.0000|0.2683|0.1342|0.0000|0.0000|0.0000|0.0000|0.0000|0.0000|0.0000|0.0000|0.0000|0.0000|0.0000|0.0000|0.0000|0.0000|0.0000|0.0000|0.0000|0.0000|0.0000|0.7000
groworganic.com,https://groworganic.com,benign,0.00,0,0.20,0,0.00|0.00|0.00|0.00|0.00|0.00|1.00|0.50|0.00|0.00|0.00|0.00|0.00|0.00|0.00,0.00|0.00|0.00|0.00|0.00|0.00|0.00|0.00|0.00|0.00|0.00|0.00|0.20,0.0000|0.0000|0.0000|0.0000|0.0000|0.0000|0.2683|0.1342|0.0000|0.0000|0.0000|0.0000|0.0000|0.0000|0.0000|0.0000|0.0000|0.0000|0.0000|0.0000|0.0000|0.0000|0.0000|0.0000|0.0000|0.0000|0.0000|0.7000
afa.com.ar,http://afa.com.ar,benign,0.00,0,0.24,0,0.00|0.00|0.00|0.00|0.00|0.00|0.00|0.50|0.00|0.00|0.00|0.00|0.00|0.00|0.00,0.00|0.00|0.00|0.00|1.00|0.00|0.00|0.00|0.00|0.00|0.00|0.00|0.24,0.0000|0.0000|0.0000|0.0000|0.0000|0.0000|0.0000|0.3000|0.0000|0.0000|0.0000|0.0000|0.0000|0.0000|0.0000|0.0000|0.0000|0.0000|0.0000|0.6804|0.0000|0.0000|0.0000|0.0000|0.0000|0.0000|0.0000|0.1646
group.com,http://group.com,benign,0.00,0,0.20,0,0.00|0.00|0.00|0.00|0.00|0.00|0.00|0.50|0.00|0.00|0.00|0.00|0.00|0.00|0.00,0.00|0.00|0.00|0.00|0.00|0.00|0.00|0.00|0.00|0.00|0.00|0.00|0.20,0.0000|0.0000|0.0000|0.0000|0.0000|0.0000|0.0000|0.3000|0.0000|0.0000|0.0000|0.0000|0.0000|0.0000|0.0000|0.0000|0.0000|0.0000|0.0000|0.0000|0.0000|0.0000|0.0000|0.0000|0.0000|0.0000|0.0000|0.7000
adsciti.com,http://adsciti.com,benign,0.00,0,0.20,0,0.00|0.00|0.00|0.00|0.00|0.00|0.00|0.50|0.00|0.00|0.00|0.00|0.00|0.00|0.00,0.00|0.00|0.00|0.00|0.00|0.00|0.00|0.00|0.00|0.00|0.00|0.00|0.20,0.0000|0.0000|0.0000|0.0000|0.0000|0.0000|0.0000|0.3000|0.0000|0.0000|0.0000|0.0000|0.0000|0.0000|0.0000|0.0000|0.0000|0.0000|0.0000|0.0000|0.0000|0.0000|0.0000|0.0000|0.0000|0.0000|0.0000|0.7000
grouptkt.com,https://grouptkt.com,benign,0.00,0,0.35,0,0.00|0.00|0.00|0.00|0.00|0.00|1.00|0.50|0.00|0.00|0.00|0.00|0.00|0.00|0.00,1.00|0.00|0.00|0.00|1.00|0.00|0.00|0.00|0.00|0.00|0.00|0.00|0.35,0.0000|0.0000|0.0000|0.0000|0.0000|0.0000|0.2683|0.1342|0.0000|0.0000|0.0000|0.0000|0.0000|0.0000|0.0000|0.4808|0.0000|0.0000|0.0000|0.4808|0.0000|0.0000|0.0000|0.0000|0.0000|0.0000|0.0000|0.1664
hammer-heimtex.de,http://hammer-heimtex.de,benign,0.00,0,0.24,0,0.00|0.00|0.00|0.00|0.00|0.00|0.00|0.50|0.00|0.00|0.00|0.00|0.00|0.00|0.00,0.00|0.00|0.00|0.00|1.00|0.00|0.00|0.00|0.00|0.00|0.00|0.00|0.24,0.0000|0.0000|0.0000|0.0000|0.0000|0.0000|0.0000|0.3000|0.0000|0.0000|0.0000|0.0000|0.0000|0.0000|0.0000|0.0000|0.0000|0.0000|0.0000|0.6804|0.0000|0.0000|0.0000|0.0000|0.0000|0.0000|0.0000|0.1646
zire20.ir,https://zire20.ir,benign,0.00,0,0.35,0,0.00|0.00|0.00|0.00|0.00|0.00|1.00|0.50|0.00|0.00|0.00|0.00|0.00|0.00|0.00,1.00|0.00|0.00|0.00|1.00|0.00|0.00|0.00|0.00|0.00|0.00|0.00|0.35,0.0000|0.0000|0.0000|0.0000|0.0000|0.0000|0.2683|0.1342|0.0000|0.0000|0.0000|0.0000|0.0000|0.0000|0.0000|0.4808|0.0000|0.0000|0.0000|0.4808|0.0000|0.0000|0.0000|0.0000|0.0000|0.0000|0.0000|0.1664
zoneedit.com,http://zoneedit.com,benign,0.00,0,0.33,0,0.00|0.00|0.00|0.00|0.00|0.00|0.00|0.50|0.00|0.00|0.00|0.00|0.00|0.00|0.00,0.00|0.00|1.00|0.00|0.00|0.00|0.00|0.00|0.00|0.00|0.00|0.00|0.33,0.0000|0.0000|0.0000|0.0000|0.0000|0.0000|0.0000|0.3000|0.0000|0.0000|0.0000|0.0000|0.0000|0.0000|0.0000|0.0000|0.0000|0.6657|0.0000|0.0000|0.0000|0.0000|0.0000|0.0000|0.0000|0.0000|0.0000|0.2164
iitbhu.ac.in,https://iitbhu.ac.in,benign,0.00,0,0.20,0,0.00|0.00|0.00|0.00|0.00|0.00|1.00|0.50|0.00|0.00|0.00|0.00|0.00|0.00|0.00,0.00|0.00|0.00|0.00|0.00|0.00|0.00|0.00|0.00|0.00|0.00|0.00|0.20,0.0000|0.0000|0.0000|0.0000|0.0000|0.0000|0.2683|0.1342|0.0000|0.0000|0.0000|0.0000|0.0000|0.0000|0.0000|0.0000|0.0000|0.0000|0.0000|0.0000|0.0000|0.0000|0.0000|0.0000|0.0000|0.0000|0.0000|0.7000
harrypottershop.com,http://harrypottershop.com,benign,0.00,0,0.24,0,0.00|0.00|0.00|0.00|0.00|0.00|0.00|0.50|0.00|0.00|0.00|0.00|0.00|0.00|0.00,0.00|0.00|0.00|0.00|1.00|0.00|0.00|0.00|0.00|0.00|0.00|0.00|0.24,0.0000|0.0000|0.0000|0.0000|0.0000|0.0000|0.0000|0.3000|0.0000|0.0000|0.0000|0.0000|0.0000|0.0000|0.0000|0.0000|0.0000|0.0000|0.0000|0.6804|0.0000|0.0000|0.0000|0.0000|0.0000|0.0000|0.0000|0.1646
gskpro.com,https://gskpro.com,benign,0.00,0,0.24,0,0.00|0.00|0.00|0.00|0.00|0.00|1.00|0.50|0.00|0.00|0.00|0.00|0.00|0.00|0.00,0.00|0.00|0.00|0.00|1.00|0.00|0.00|0.00|0.00|0.00|0.00|0.00|0.24,0.0000|0.0000|0.0000|0.0000|0.0000|0.0000|0.2683|0.1342|0.0000|0.0000|0.0000|0.0000|0.0000|0.0000|0.0000|0.0000|0.0000|0.0000|0.0000|0.6804|0.0000|0.0000|0.0000|0.0000|0.0000|0.0000|0.0000|0.1646
kamera-express.nl,https://kamera-express.nl,benign,0.00,0,0.20,0,0.00|0.00|0.00|0.00|0.00|0.00|1.00|0.50|0.00|0.00|0.00|0.00|0.00|0.00|0.00,0.00|0.00|0.00|0.00|0.00|0.00|0.00|0.00|0.00|0.00|0.00|0.00|0.20,0.0000|0.0000|0.0000|0.0000|0.0000|0.0000|0.2683|0.1342|0.0000|0.0000|0.0000|0.0000|0.0000|0.0000|0.0000|0.0000|0.0000|0.0000|0.0000|0.0000|0.0000|0.0000|0.0000|0.0000|0.0000|0.0000|0.0000|0.7000
inmotionnow.com,http://inmotionnow.com,benign,0.00,0,0.37,0,0.00|0.00|0.00|0.00|0.00|0.00|0.00|0.50|0.00|0.00|0.00|0.00|0.00|0.00|0.00,0.00|0.00|1.00|0.00|1.00|0.00|0.00|0.00|0.00|0.00|0.00|0.00|0.37,0.0000|0.0000|0.0000|0.0000|0.0000|0.0000|0.0000|0.3000|0.0000|0.0000|0.0000|0.0000|0.0000|0.0000|0.0000|0.0000|0.0000|0.4791|0.0000|0.4791|0.0000|0.0000|0.0000|0.0000|0.0000|0.0000|0.0000|0.1758
gtcc.edu,https://gtcc.edu,benign,0.00,0,0.24,0,0.00|0.00|0.00|0.00|0.00|0.00|1.00|0.50|0.00|0.00|0.00|0.00|0.00|0.00|0.00,0.00|0.00|0.00|0.00|1.00|0.00|0.00|0.00|0.00|0.00|0.00|0.00|0.24,0.0000|0.0000|0.0000|0.0000|0.0000|0.0000|0.2683|0.1342|0.0000|0.0000|0.0000|0.0000|0.0000|0.0000|0.0000|0.0000|0.0000|0.0000|0.0000|0.6804|0.0000|0.0000|0.0000|0.0000|0.0000|0.0000|0.0000|0.1646
zuowen.com,https://zuowen.com,benign,0.00,0,0.20,0,0.00|0.00|0.00|0.00|0.00|0.00|1.00|0.50|0.00|0.00|0.00|0.00|0.00|0.00|0.00,0.00|0.00|0.00|0.00|0.00|0.00|0.00|0.00|0.00|0.00|0.00|0.00|0.20,0.0000|0.0000|0.0000|0.0000|0.0000|0.0000|0.2683|0.1342|0.0000|0.0000|0.0000|0.0000|0.0000|0.0000|0.0000|0.0000|0.0000|0.0000|0.0000|0.0000|0.0000|0.0000|0.0000|0.0000|0.0000|0.0000|0.0000|0.7000
workflowmax.com,https://workflowmax.com,benign,0.00,0,0.24,0,0.00|0.00|0.00|0.00|0.00|0.00|1.00|0.50|0.00|0.00|0.00|0.00|0.00|0.00|0.00,0.00|0.00|0.00|0.00|1.00|0.00|0.00|0.00|0.00|0.00|0.00|0.00|0.24,0.0000|0.0000|0.0000|0.0000|0.0000|0.0000|0.2683|0.1342|0.0000|0.0000|0.0000|0.0000|0.0000|0.0000|0.0000|0.0000|0.0000|0.0000|0.0000|0.6804|0.0000|0.0000|0.0000|0.0000|0.0000|0.0000|0.0000|0.1646
harmonytx.org,https://harmonytx.org,benign,0.00,0,0.20,0,0.00|0.00|0.00|0.00|0.00|0.00|1.00|0.50|0.00|0.00|0.00|0.00|0.00|0.00|0.00,0.00|0.00|0.00|0.00|0.00|0.00|0.00|0.00|0.00|0.00|0.00|0.00|0.20,0.0000|0.0000|0.0000|0.0000|0.0000|0.0000|0.2683|0.1342|0.0000|0.0000|0.0000|0.0000|0.0000|0.0000|0.0000|0.0000|0.0000|0.0000|0.0000|0.0000|0.0000|0.0000|0.0000|0.0000|0.0000|0.0000|0.0000|0.7000
inspiredhousehold.com,https://inspiredhousehold.com,benign,0.00,0,0.20,0,0.00|0.00|0.00|0.00|0.00|0.00|1.00|0.50|0.00|0.00|0.00|0.00|0.00|0.00|0.00,0.00|0.00|0.00|0.00|0.00|0.00|0.00|0.00|0.00|0.00|0.00|0.00|0.20,0.0000|0.0000|0.0000|0.0000|0.0000|0.0000|0.2683|0.1342|0.0000|0.0000|0.0000|0.0000|0.0000|0.0000|0.0000|0.0000|0.0000|0.0000|0.0000|0.0000|0.0000|0.0000|0.0000|0.0000|0.0000|0.0000|0.0000|0.7000
adler.edu,https://adler.edu,benign,0.00,0,0.20,0,0.00|0.00|0.00|0.00|0.00|0.00|1.00|0.50|0.00|0.00|0.00|0.00|0.00|0.00|0.00,0.00|0.00|0.00|0.00|0.00|0.00|0.00|0.00|0.00|0.00|0.00|0.00|0.20,0.0000|0.0000|0.0000|0.0000|0.0000|0.0000|0.2683|0.1342|0.0000|0.0000|0.0000|0.0000|0.0000|0.0000|0.0000|0.0000|0.0000|0.0000|0.0000|0.0000|0.0000|0.0000|0.0000|0.0000|0.0000|0.0000|0.0000|0.7000
afftrack.com,https://afftrack.com,benign,0.00,0,0.20,0,0.00|0.00|0.00|0.00|0.00|0.00|1.00|0.50|0.00|0.00|0.00|0.00|0.00|0.00|0.00,0.00|0.00|0.00|0.00|0.00|0.00|0.00|0.00|0.00|0.00|0.00|0.00|0.20,0.0000|0.0000|0.0000|0.0000|0.0000|0.0000|0.2683|0.1342|0.0000|0.0000|0.0000|0.0000|0.0000|0.0000|0.0000|0.0000|0.0000|0.0000|0.0000|0.0000|0.0000|0.0000|0.0000|0.0000|0.0000|0.0000|0.0000|0.7000
juriscorrespondente.com.br,https://juriscorrespondente.com.br,benign,0.00,0,0.37,0,0.00|0.00|0.00|0.00|0.00|0.00|1.00|0.50|0.00|0.00|0.00|0.00|0.00|0.00|0.00,0.00|0.00|1.00|0.00|1.00|0.00|0.00|0.00|0.00|0.00|0.00|0.00|0.37,0.0000|0.0000|0.0000|0.0000|0.0000|0.0000|0.2683|0.1342|0.0000|0.0000|0.0000|0.0000|0.0000|0.0000|0.0000|0.0000|0.0000|0.4791|0.0000|0.4791|0.0000|0.0000|0.0000|0.0000|0.0000|0.0000|0.0000|0.1758
3point.dk,https://3point.dk,benign,0.00,0,0.20,0,0.00|0.00|0.00|0.00|0.00|0.00|1.00|0.50|0.00|0.00|0.00|0.00|0.00|0.00|0.00,0.00|0.00|0.00|0.00|0.00|0.00|0.00|0.00|0.00|0.00|0.00|0.00|0.20,0.0000|0.0000|0.0000|0.0000|0.0000|0.0000|0.2683|0.1342|0.0000|0.0000|0.0000|0.0000|0.0000|0.0000|0.0000|0.0000|0.0000|0.0000|0.0000|0.0000|0.0000|0.0000|0.0000|0.0000|0.0000|0.0000|0.0000|0.7000
gronze.com,https://gronze.com,benign,0.00,0,0.20,0,0.00|0.00|0.00|0.00|0.00|0.00|1.00|0.50|0.00|0.00|0.00|0.00|0.00|0.00|0.00,0.00|0.00|0.00|0.00|0.00|0.00|0.00|0.00|0.00|0.00|0.00|0.00|0.20,0.0000|0.0000|0.0000|0.0000|0.0000|0.0000|0.2683|0.1342|0.0000|0.0000|0.0000|0.0000|0.0000|0.0000|0.0000|0.0000|0.0000|0.0000|0.0000|0.0000|0.0000|0.0000|0.0000|0.0000|0.0000|0.0000|0.0000|0.7000
zoodel.com,https://zoodel.com,benign,0.00,0,0.20,0,0.00|0.00|0.00|0.00|0.00|0.00|1.00|0.50|0.00|0.00|0.00|0.00|0.00|0.00|0.00,0.00|0.00|0.00|0.00|0.00|0.00|0.00|0.00|0.00|0.00|0.00|0.00|0.20,0.0000|0.0000|0.0000|0.0000|0.0000|0.0000|0.2683|0.1342|0.0000|0.0000|0.0000|0.0000|0.0000|0.0000|0.0000|0.0000|0.0000|0.0000|0.0000|0.0000|0.0000|0.0000|0.0000|0.0000|0.0000|0.0000|0.0000|0.7000
gsconto.com,https://gsconto.com,benign,0.00,0,0.33,0,0.00|0.00|0.00|0.00|0.00|0.00|1.00|0.50|0.00|0.00|0.00|0.00|0.00|0.00|0.00,0.00|0.00|1.00|0.00|0.00|0.00|0.00|0.00|0.00|0.00|0.00|0.00|0.33,0.0000|0.0000|0.0000|0.0000|0.0000|0.0000|0.2683|0.1342|0.0000|0.0000|0.0000|0.0000|0.0000|0.0000|0.0000|0.0000|0.0000|0.6657|0.0000|0.0000|0.0000|0.0000|0.0000|0.0000|0.0000|0.0000|0.0000|0.2164
znanieavto.ru,https://znanieavto.ru,benign,0.00,0,0.20,0,0.00|0.00|0.00|0.00|0.00|0.00|1.00|0.50|0.00|0.00|0.00|0.00|0.00|0.00|0.00,0.00|0.00|0.00|0.00|0.00|0.00|0.00|0.00|0.00|0.00|0.00|0.00|0.20,0.0000|0.0000|0.0000|0.0000|0.0000|0.0000|0.2683|0.1342|0.0000|0.0000|0.0000|0.0000|0.0000|0.0000|0.0000|0.0000|0.0000|0.0000|0.0000|0.0000|0.0000|0.0000|0.0000|0.0000|0.0000|0.0000|0.0000|0.7000
zunal.com,https://zunal.com,benign,0.00,0,0.35,0,0.00|0.00|0.00|0.00|0.00|0.00|1.00|0.50|0.00|0.00|0.00|0.00|0.00|0.00|0.00,1.00|0.00|0.00|0.00|1.00|0.00|0.00|0.00|0.00|0.00|0.00|0.00|0.35,0.0000|0.0000|0.0000|0.0000|0.0000|0.0000|0.2683|0.1342|0.0000|0.0000|0.0000|0.0000|0.0000|0.0000|0.0000|0.4808|0.0000|0.0000|0.0000|0.4808|0.0000|0.0000|0.0000|0.0000|0.0000|0.0000|0.0000|0.1664
gsmr.org,https://gsmr.org,phishing,0.00,0,0.70,1,0.00|0.00|0.00|0.00|0.00|0.00|1.00|0.50|0.00|0.00|0.00|0.00|0.00|0.00|0.00,1.00|1.00|0.00|0.00|1.00|1.00|0.00|0.00|0.00|0.00|0.00|0.00|0.70,0.0000|0.0000|0.0000|0.0000|0.0000|0.0000|0.2683|0.1342|0.0000|0.0000|0.0000|0.0000|0.0000|0.0000|0.0000|0.3304|0.3304|0.0000|0.0000|0.3304|0.3304|0.0000|0.0000|0.0000|0.0000|0.0000|0.0000|0.2312
aeroleads.com,https://aeroleads.com,benign,0.00,0,0.20,0,0.00|0.00|0.00|0.00|0.00|0.00|1.00|0.50|0.00|0.00|0.00|0.00|0.00|0.00|0.00,0.00|0.00|0.00|0.00|0.00|0.00|0.00|0.00|0.00|0.00|0.00|0.00|0.20,0.0000|0.0000|0.0000|0.0000|0.0000|0.0000|0.2683|0.1342|0.0000|0.0000|0.0000|0.0000|0.0000|0.0000|0.0000|0.0000|0.0000|0.0000|0.0000|0.0000|0.0000|0.0000|0.0000|0.0000|0.0000|0.0000|0.0000|0.7000
1academy.pro,https://1academy.pro,benign,0.00,0,0.33,0,0.00|0.00|0.00|0.00|0.00|0.00|1.00|0.50|0.00|0.00|0.00|0.00|0.00|0.00|0.00,0.00|0.00|1.00|0.00|0.00|0.00|0.00|0.00|0.00|0.00|0.00|0.00|0.33,0.0000|0.0000|0.0000|0.0000|0.0000|0.0000|0.2683|0.1342|0.0000|0.0000|0.0000|0.0000|0.0000|0.0000|0.0000|0.0000|0.0000|0.6657|0.0000|0.0000|0.0000|0.0000|0.0000|0.0000|0.0000|0.0000|0.0000|0.2164
insidejapantours.com,https://insidejapantours.com,benign,0.00,0,0.20,0,0.00|0.00|0.00|0.00|0.00|0.00|1.00|0.50|0.00|0.00|0.00|0.00|0.00|0.00|0.00,0.00|0.00|0.00|0.00|0.00|0.00|0.00|0.00|0.00|0.00|0.00|0.00|0.20,0.0000|0.0000|0.0000|0.0000|0.0000|0.0000|0.2683|0.1342|0.0000|0.0000|0.0000|0.0000|0.0000|0.0000|0.0000|0.0000|0.0000|0.0000|0.0000|0.0000|0.0000|0.0000|0.0000|0.0000|0.0000|0.0000|0.0000|0.7000
insidebitcoins.com,https://insidebitcoins.com,benign,0.00,0,0.37,0,0.00|0.00|0.00|0.00|0.00|0.00|1.00|0.50|0.00|0.00|0.00|0.00|0.00|0.00|0.00,0.00|0.00|1.00|0.00|1.00|0.00|0.00|0.00|0.00|0.00|0.00|0.00|0.37,0.0000|0.0000|0.0000|0.0000|0.0000|0.0000|0.2683|0.1342|0.0000|0.0000|0.0000|0.0000|0.0000|0.0000|0.0000|0.0000|0.0000|0.4791|0.0000|0.4791|0.0000|0.0000|0.0000|0.0000|0.0000|0.0000|0.0000|0.1758
handsonaswegrow.com,https://handsonaswegrow.com,benign,0.00,0,0.20,0,0.00|0.00|0.00|0.00|0.00|0.00|1.00|0.50|0.00|0.00|0.00|0.00|0.00|0.00|0.00,0.00|0.00|0.00|0.00|0.00|0.00|0.00|0.00|0.00|0.00|0.00|0.00|0.20,0.0000|0.0000|0.0000|0.0000|0.0000|0.0000|0.2683|0.1342|0.0000|0.0000|0.0000|0.0000|0.0000|0.0000|0.0000|0.0000|0.0000|0.0000|0.0000|0.0000|0.0000|0.0000|0.0000|0.0000|0.0000|0.0000|0.0000|0.7000
yola.com,https://yola.com,benign,0.00,0,0.24,0,0.00|0.00|0.00|0.00|0.00|0.00|1.00|0.50|0.00|0.00|0.00|0.00|0.00|0.00|0.00,0.00|0.00|0.00|0.00|1.00|0.00|0.00|0.00|0.00|0.00|0.00|0.00|0.24,0.0000|0.0000|0.0000|0.0000|0.0000|0.0000|0.2683|0.1342|0.0000|0.0000|0.0000|0.0000|0.0000|0.0000|0.0000|0.0000|0.0000|0.0000|0.0000|0.6804|0.0000|0.0000|0.0000|0.0000|0.0000|0.0000|0.0000|0.1646
grouphigh.com,http://grouphigh.com,benign,0.00,0,0.24,0,0.00|0.00|0.00|0.00|0.00|0.00|0.00|0.50|0.00|0.00|0.00|0.00|0.00|0.00|0.00,0.00|0.00|0.00|0.00|1.00|0.00|0.00|0.00|0.00|0.00|0.00|0.00|0.24,0.0000|0.0000|0.0000|0.0000|0.0000|0.0000|0.0000|0.3000|0.0000|0.0000|0.0000|0.0000|0.0000|0.0000|0.0000|0.0000|0.0000|0.0000|0.0000|0.6804|0.0000|0.0000|0.0000|0.0000|0.0000|0.0000|0.0000|0.1646
3rdcc.org,http://3rdcc.org,benign,0.00,0,0.20,0,0.00|0.00|0.00|0.00|0.00|0.00|0.00|0.50|0.00|0.00|0.00|0.00|0.00|0.00|0.00,0.00|0.00|0.00|0.00|0.00|0.00|0.00|0.00|0.00|0.00|0.00|0.00|0.20,0.0000|0.0000|0.0000|0.0000|0.0000|0.0000|0.0000|0.3000|0.0000|0.0000|0.0000|0.0000|0.0000|0.0000|0.0000|0.0000|0.0000|0.0000|0.0000|0.0000|0.0000|0.0000|0.0000|0.0000|0.0000|0.0000|0.0000|0.7000
happyelements.com,http://happyelements.com,benign,0.00,0,0.33,0,0.00|0.00|0.00|0.00|0.00|0.00|0.00|0.50|0.00|0.00|0.00|0.00|0.00|0.00|0.00,0.00|0.00|1.00|0.00|0.00|0.00|0.00|0.00|0.00|0.00|0.00|0.00|0.33,0.0000|0.0000|0.0000|0.0000|0.0000|0.0000|0.0000|0.3000|0.0000|0.0000|0.0000|0.0000|0.0000|0.0000|0.0000|0.0000|0.0000|0.6657|0.0000|0.0000|0.0000|0.0000|0.0000|0.0000|0.0000|0.0000|0.0000|0.2164
4cash.me,https://4cash.me,phishing,0.00,0,0.82,1,0.00|0.00|0.00|0.00|0.00|0.00|1.00|0.50|0.00|0.00|0.00|0.00|0.00|0.00|0.00,1.00|1.00|1.00|0.00|1.00|1.00|0.00|0.00|0.00|0.00|0.00|0.00|0.82,0.0000|0.0000|0.0000|0.0000|0.0000|0.0000|0.2683|0.1342|0.0000|0.0000|0.0000|0.0000|0.0000|0.0000|0.0000|0.2937|0.2937|0.2937|0.0000|0.2937|0.2937|0.0000|0.0000|0.0000|0.0000|0.0000|0.0000|0.2423
kaleyra.com,https://kaleyra.com,benign,0.00,0,0.24,0,0.00|0.00|0.00|0.00|0.00|0.00|1.00|0.50|0.00|0.00|0.00|0.00|0.00|0.00|0.00,0.00|0.00|0.00|0.00|1.00|0.00|0.00|0.00|0.00|0.00|0.00|0.00|0.24,0.0000|0.0000|0.0000|0.0000|0.0000|0.0000|0.2683|0.1342|0.0000|0.0000|0.0000|0.0000|0.0000|0.0000|0.0000|0.0000|0.0000|0.0000|0.0000|0.6804|0.0000|0.0000|0.0000|0.0000|0.0000|0.0000|0.0000|0.1646
kamdou.net,https://kamdou.net,benign,0.00,0,0.20,0,0.00|0.00|0.00|0.00|0.00|0.00|1.00|0.50|0.00|0.00|0.00|0.00|0.00|0.00|0.00,0.00|0.00|0.00|0.00|0.00|0.00|0.00|0.00|0.00|0.00|0.00|0.00|0.20,0.0000|0.0000|0.0000|0.0000|0.0000|0.0000|0.2683|0.1342|0.0000|0.0000|0.0000|0.0000|0.0000|0.0000|0.0000|0.0000|0.0000|0.0000|0.0000|0.0000|0.0000|0.0000|0.0000|0.0000|0.0000|0.0000|0.0000|0.7000
adenandanais.com,http://adenandanais.com,benign,0.00,0,0.37,0,0.00|0.00|0.00|0.00|0.00|0.00|0.00|0.50|0.00|0.00|0.00|0.00|0.00|0.00|0.00,0.00|0.00|1.00|0.00|1.00|0.00|0.00|0.00|0.00|0.00|0.00|0.00|0.37,0.0000|0.0000|0.0000|0.0000|0.0000|0.0000|0.0000|0.3000|0.0000|0.0000|0.0000|0.0000|0.0000|0.0000|0.0000|0.0000|0.0000|0.4791|0.0000|0.4791|0.0000|0.0000|0.0000|0.0000|0.0000|0.0000|0.0000|0.1758
harborcompliance.com,http://harborcompliance.com,benign,0.00,0,0.37,0,0.00|0.00|0.00|0.00|0.00|0.00|0.00|0.50|0.00|0.00|0.00|0.00|0.00|0.00|0.00,0.00|0.00|1.00|0.00|1.00|0.00|0.00|0.00|0.00|0.00|0.00|0.00|0.37,0.0000|0.0000|0.0000|0.0000|0.0000|0.0000|0.0000|0.3000|0.0000|0.0000|0.0000|0.0000|0.0000|0.0000|0.0000|0.0000|0.0000|0.4791|0.0000|0.4791|0.0000|0.0000|0.0000|0.0000|0.0000|0.0000|0.0000|0.1758
ikea.in,http://ikea.in,benign,0.00,0,0.24,0,0.00|0.00|0.00|0.00|0.00|0.00|0.00|0.50|0.00|0.00|0.00|0.00|0.00|0.00|0.00,0.00|0.00|0.00|0.00|1.00|0.00|0.00|0.00|0.00|0.00|0.00|0.00|0.24,0.0000|0.0000|0.0000|0.0000|0.0000|0.0000|0.0000|0.3000|0.0000|0.0000|0.0000|0.0000|0.0000|0.0000|0.0000|0.0000|0.0000|0.0000|0.0000|0.6804|0.0000|0.0000|0.0000|0.0000|0.0000|0.0000|0.0000|0.1646
adnose.com,https://adnose.com,benign,0.00,0,0.24,0,0.00|0.00|0.00|0.00|0.00|0.00|1.00|0.50|0.00|0.00|0.00|0.00|0.00|0.00|0.00,0.00|0.00|0.00|0.00|1.00|0.00|0.00|0.00|0.00|0.00|0.00|0.00|0.24,0.0000|0.0000|0.0000|0.0000|0.0000|0.0000|0.2683|0.1342|0.0000|0.0000|0.0000|0.0000|0.0000|0.0000|0.0000|0.0000|0.0000|0.0000|0.0000|0.6804|0.0000|0.0000|0.0000|0.0000|0.0000|0.0000|0.0000|0.1646
zoho.com.cn,https://zoho.com.cn,benign,0.00,0,0.35,0,0.00|0.00|0.00|0.00|0.00|0.00|1.00|0.50|0.00|0.00|0.00|0.00|0.00|0.00|0.00,1.00|0.00|0.00|0.00|1.00|0.00|0.00|0.00|0.00|0.00|0.00|0.00|0.35,0.0000|0.0000|0.0000|0.0000|0.0000|0.0000|0.2683|0.1342|0.0000|0.0000|0.0000|0.0000|0.0000|0.0000|0.0000|0.4808|0.0000|0.0000|0.0000|0.4808|0.0000|0.0000|0.0000|0.0000|0.0000|0.0000|0.0000|0.1664
happypancake.fi,https://happypancake.fi,benign,0.00,0,0.20,0,0.00|0.00|0.00|0.00|0.00|0.00|1.00|0.50|0.00|0.00|0.00|0.00|0.00|0.00|0.00,0.00|0.00|0.00|0.00|0.00|0.00|0.00|0.00|0.00|0.00|0.00|0.00|0.20,0.0000|0.0000|0.0000|0.0000|0.0000|0.0000|0.2683|0.1342|0.0000|0.0000|0.0000|0.0000|0.0000|0.0000|0.0000|0.0000|0.0000|0.0000|0.0000|0.0000|0.0000|0.0000|0.0000|0.0000|0.0000|0.0000|0.0000|0.7000
juegosxachicas.com,https://juegosxachicas.com,benign,0.00,0,0.20,0,0.00|0.00|0.00|0.00|0.00|0.00|1.00|0.50|0.00|0.00|0.00|0.00|0.00|0.00|0.00,0.00|0.00|0.00|0.00|0.00|0.00|0.00|0.00|0.00|0.00|0.00|0.00|0.20,0.0000|0.0000|0.0000|0.0000|0.0000|0.0000|0.2683|0.1342|0.0000|0.0000|0.0000|0.0000|0.0000|0.0000|0.0000|0.0000|0.0000|0.0000|0.0000|0.0000|0.0000|0.0000|0.0000|0.0000|0.0000|0.0000|0.0000|0.7000
wpmanageninja.com,https://wpmanageninja.com,benign,0.00,0,0.20,0,0.00|0.00|0.00|0.00|0.00|0.00|1.00|0.50|0.00|0.00|0.00|0.00|0.00|0.00|0.00,0.00|0.00|0.00|0.00|0.00|0.00|0.00|0.00|0.00|0.00|0.00|0.00|0.20,0.0000|0.0000|0.0000|0.0000|0.0000|0.0000|0.2683|0.1342|0.0000|0.0000|0.0000|0.0000|0.0000|0.0000|0.0000|0.0000|0.0000|0.0000|0.0000|0.0000|0.0000|0.0000|0.0000|0.0000|0.0000|0.0000|0.0000|0.7000
insidetracker.com,http://insidetracker.com,benign,0.00,0,0.20,0,0.00|0.00|0.00|0.00|0.00|0.00|0.00|0.50|0.00|0.00|0.00|0.00|0.00|0.00|0.00,0.00|0.00|0.00|0.00|0.00|0.00|0.00|0.00|0.00|0.00|0.00|0.00|0.20,0.0000|0.0000|0.0000|0.0000|0.0000|0.0000|0.0000|0.3000|0.0000|0.0000|0.0000|0.0000|0.0000|0.0000|0.0000|0.0000|0.0000|0.0000|0.0000|0.0000|0.0000|0.0000|0.0000|0.0000|0.0000|0.0000|0.0000|0.7000
adinplay.com,https://adinplay.com,benign,0.00,0,0.24,0,0.00|0.00|0.00|0.00|0.00|0.00|1.00|0.50|0.00|0.00|0.00|0.00|0.00|0.00|0.00,0.00|0.00|0.00|0.00|1.00|0.00|0.00|0.00|0.00|0.00|0.00|0.00|0.24,0.0000|0.0000|0.0000|0.0000|0.0000|0.0000|0.2683|0.1342|0.0000|0.0000|0.0000|0.0000|0.0000|0.0000|0.0000|0.0000|0.0000|0.0000|0.0000|0.6804|0.0000|0.0000|0.0000|0.0000|0.0000|0.0000|0.0000|0.1646
hatelabo.jp,https://hatelabo.jp,benign,0.00,0,0.24,0,0.00|0.00|0.00|0.00|0.00|0.00|1.00|0.50|0.00|0.00|0.00|0.00|0.00|0.00|0.00,0.00|0.00|0.00|0.00|1.00|0.00|0.00|0.00|0.00|0.00|0.00|0.00|0.24,0.0000|0.0000|0.0000|0.0000|0.0000|0.0000|0.2683|0.1342|0.0000|0.0000|0.0000|0.0000|0.0000|0.0000|0.0000|0.0000|0.0000|0.0000|0.0000|0.6804|0.0000|0.0000|0.0000|0.0000|0.0000|0.0000|0.0000|0.1646
afloral.com,http://afloral.com,benign,0.00,0,0.20,0,0.00|0.00|0.00|0.00|0.00|0.00|0.00|0.50|0.00|0.00|0.00|0.00|0.00|0.00|0.00,0.00|0.00|0.00|0.00|0.00|0.00|0.00|0.00|0.00|0.00|0.00|0.00|0.20,0.0000|0.0000|0.0000|0.0000|0.0000|0.0000|0.0000|0.3000|0.0000|0.0000|0.0000|0.0000|0.0000|0.0000|0.0000|0.0000|0.0000|0.0000|0.0000|0.0000|0.0000|0.0000|0.0000|0.0000|0.0000|0.0000|0.0000|0.7000
grotal.com,https://grotal.com,benign,0.00,0,0.35,0,0.00|0.00|0.00|0.00|0.00|0.00|1.00|0.50|0.00|0.00|0.00|0.00|0.00|0.00|0.00,1.00|0.00|0.00|0.00|1.00|0.00|0.00|0.00|0.00|0.00|0.00|0.00|0.35,0.0000|0.0000|0.0000|0.0000|0.0000|0.0000|0.2683|0.1342|0.0000|0.0000|0.0000|0.0000|0.0000|0.0000|0.0000|0.4808|0.0000|0.0000|0.0000|0.4808|0.0000|0.0000|0.0000|0.0000|0.0000|0.0000|0.0000|0.1664
guao.org,https://guao.org,benign,0.00,0,0.20,0,0.00|0.00|0.00|0.00|0.00|0.00|1.00|0.50|0.00|0.00|0.00|0.00|0.00|0.00|0.00,0.00|0.00|0.00|0.00|0.00|0.00|0.00|0.00|0.00|0.00|0.00|0.00|0.20,0.0000|0.0000|0.0000|0.0000|0.0000|0.0000|0.2683|0.1342|0.0000|0.0000|0.0000|0.0000|0.0000|0.0000|0.0000|0.0000|0.0000|0.0000|0.0000|0.0000|0.0000|0.0000|0.0000|0.0000|0.0000|0.0000|0.0000|0.7000
grow.com,http://grow.com,benign,0.00,0,0.20,0,0.00|0.00|0.00|0.00|0.00|0.00|0.00|0.50|0.00|0.00|0.00|0.00|0.00|0.00|0.00,0.00|0.00|0.00|0.00|0.00|0.00|0.00|0.00|0.00|0.00|0.00|0.00|0.20,0.0000|0.0000|0.0000|0.0000|0.0000|0.0000|0.0000|0.3000|0.0000|0.0000|0.0000|0.0000|0.0000|0.0000|0.0000|0.0000|0.0000|0.0000|0.0000|0.0000|0.0000|0.0000|0.0000|0.0000|0.0000|0.0000|0.0000|0.7000
insel-travel.de,https://insel-travel.de,benign,0.00,0,0.20,0,0.00|0.00|0.00|0.00|0.00|0.00|1.00|0.50|0.00|0.00|0.00|0.00|0.00|0.00|0.00,0.00|0.00|0.00|0.00|0.00|0.00|0.00|0.00|0.00|0.00|0.00|0.00|0.20,0.0000|0.0000|0.0000|0.0000|0.0000|0.0000|0.2683|0.1342|0.0000|0.0000|0.0000|0.0000|0.0000|0.0000|0.0000|0.0000|0.0000|0.0000|0.0000|0.0000|0.0000|0.0000|0.0000|0.0000|0.0000|0.0000|0.0000|0.7000
aetherhub.com,https://aetherhub.com,benign,0.00,0,0.20,0,0.00|0.00|0.00|0.00|0.00|0.00|1.00|0.50|0.00|0.00|0.00|0.00|0.00|0.00|0.00,0.00|0.00|0.00|0.00|0.00|0.00|0.00|0.00|0.00|0.00|0.00|0.00|0.20,0.0000|0.0000|0.0000|0.0000|0.0000|0.0000|0.2683|0.1342|0.0000|0.0000|0.0000|0.0000|0.0000|0.0000|0.0000|0.0000|0.0000|0.0000|0.0000|0.0000|0.0000|0.0000|0.0000|0.0000|0.0000|0.0000|0.0000|0.7000
affiliated-business.com,https://affiliated-business.com,benign,0.00,0,0.35,0,0.00|0.00|0.00|0.00|0.00|0.00|1.00|0.50|0.00|0.00|0.00|0.00|0.00|0.00|0.00,1.00|0.00|0.00|0.00|1.00|0.00|0.00|0.00|0.00|0.00|0.00|0.00|0.35,0.0000|0.0000|0.0000|0.0000|0.0000|0.0000|0.2683|0.1342|0.0000|0.0000|0.0000|0.0000|0.0000|0.0000|0.0000|0.4808|0.0000|0.0000|0.0000|0.4808|0.0000|0.0000|0.0000|0.0000|0.0000|0.0000|0.0000|0.1664
zipp.com,https://zipp.com,benign,0.00,0,0.24,0,0.00|0.00|0.00|0.00|0.00|0.00|1.00|0.50|0.00|0.00|0.00|0.00|0.00|0.00|0.00,0.00|0.00|0.00|0.00|1.00|0.00|0.00|0.00|0.00|0.00|0.00|0.00|0.24,0.0000|0.0000|0.0000|0.0000|0.0000|0.0000|0.2683|0.1342|0.0000|0.0000|0.0000|0.0000|0.0000|0.0000|0.0000|0.0000|0.0000|0.0000|0.0000|0.6804|0.0000|0.0000|0.0000|0.0000|0.0000|0.0000|0.0000|0.1646
gscq.me,http://gscq.me,benign,0.00,0,0.30,0,0.00|0.00|0.00|0.00|0.00|0.00|0.00|0.50|0.00|0.00|0.00|0.00|0.00|0.00|0.00,1.00|0.00|0.00|0.00|0.00|0.00|0.00|0.00|0.00|0.00|0.00|0.00|0.30,0.0000|0.0000|0.0000|0.0000|0.0000|0.0000|0.0000|0.3000|0.0000|0.0000|0.0000|0.0000|0.0000|0.0000|0.0000|0.6697|0.0000|0.0000|0.0000|0.0000|0.0000|0.0000|0.0000|0.0000|0.0000|0.0000|0.0000|0.2036
gsmsolution.org,https://gsmsolution.org,benign,0.00,0,0.20,0,0.00|0.00|0.00|0.00|0.00|0.00|1.00|0.50|0.00|0.00|0.00|0.00|0.00|0.00|0.00,0.00|0.00|0.00|0.00|0.00|0.00|0.00|0.00|0.00|0.00|0.00|0.00|0.20,0.0000|0.0000|0.0000|0.0000|0.0000|0.0000|0.2683|0.1342|0.0000|0.0000|0.0000|0.0000|0.0000|0.0000|0.0000|0.0000|0.0000|0.0000|0.0000|0.0000|0.0000|0.0000|0.0000|0.0000|0.0000|0.0000|0.0000|0.7000
adiyaman.edu.tr,https://adiyaman.edu.tr,benign,0.00,0,0.24,0,0.00|0.00|0.00|0.00|0.00|0.00|1.00|0.50|0.00|0.00|0.00|0.00|0.00|0.00|0.00,0.00|0.00|0.00|0.00|1.00|0.00|0.00|0.00|0.00|0.00|0.00|0.00|0.24,0.0000|0.0000|0.0000|0.0000|0.0000|0.0000|0.2683|0.1342|0.0000|0.0000|0.0000|0.0000|0.0000|0.0000|0.0000|0.0000|0.0000|0.0000|0.0000|0.6804|0.0000|0.0000|0.0000|0.0000|0.0000|0.0000|0.0000|0.1646
harryrosen.com,https://harryrosen.com,benign,0.00,0,0.24,0,0.00|0.00|0.00|0.00|0.00|0.00|1.00|0.50|0.00|0.00|0.00|0.00|0.00|0.00|0.00,0.00|0.00|0.00|0.00|1.00|0.00|0.00|0.00|0.00|0.00|0.00|0.00|0.24,0.0000|0.0000|0.0000|0.0000|0.0000|0.0000|0.2683|0.1342|0.0000|0.0000|0.0000|0.0000|0.0000|0.0000|0.0000|0.0000|0.0000|0.0000|0.0000|0.6804|0.0000|0.0000|0.0000|0.0000|0.0000|0.0000|0.0000|0.1646
g-star.com,https://g-star.com,benign,0.00,0,0.37,0,0.00|0.00|0.00|0.00|0.00|0.00|1.00|0.50|0.00|0.00|0.00|0.00|0.00|0.00|0.00,0.00|0.00|1.00|0.00|1.00|0.00|0.00|0.00|0.00|0.00|0.00|0.00|0.37,0.0000|0.0000|0.0000|0.0000|0.0000|0.0000|0.2683|0.1342|0.0000|0.0000|0.0000|0.0000|0.0000|0.0000|0.0000|0.0000|0.0000|0.4791|0.0000|0.4791|0.0000|0.0000|0.0000|0.0000|0.0000|0.0000|0.0000|0.1758
adl.org,https://adl.org,benign,0.00,0,0.33,0,0.00|0.00|0.00|0.00|0.00|0.00|1.00|0.50|0.00|0.00|0.00|0.00|0.00|0.00|0.00,0.00|0.00|1.00|0.00|0.00|0.00|0.00|0.00|0.00|0.00|0.00|0.00|0.33,0.0000|0.0000|0.0000|0.0000|0.0000|0.0000|0.2683|0.1342|0.0000|0.0000|0.0000|0.0000|0.0000|0.0000|0.0000|0.0000|0.0000|0.6657|0.0000|0.0000|0.0000|0.0000|0.0000|0.0000|0.0000|0.0000|0.0000|0.2164
zoowoman.website,https://zoowoman.website,benign,0.00,0,0.33,0,0.00|0.00|0.00|0.00|0.00|0.00|1.00|0.50|0.00|0.00|0.00|0.00|0.00|0.00|0.00,0.00|0.00|1.00|0.00|0.00|0.00|0.00|0.00|0.00|0.00|0.00|0.00|0.33,0.0000|0.0000|0.0000|0.0000|0.0000|0.0000|0.2683|0.1342|0.0000|0.0000|0.0000|0.0000|0.0000|0.0000|0.0000|0.0000|0.0000|0.6657|0.0000|0.0000|0.0000|0.0000|0.0000|0.0000|0.0000|0.0000|0.0000|0.2164
justpark.com,https://justpark.com,benign,0.00,0,0.24,0,0.00|0.00|0.00|0.00|0.00|0.00|1.00|0.50|0.00|0.00|0.00|0.00|0.00|0.00|0.00,0.00|0.00|0.00|0.00|1.00|0.00|0.00|0.00|0.00|0.00|0.00|0.00|0.24,0.0000|0.0000|0.0000|0.0000|0.0000|0.0000|0.2683|0.1342|0.0000|0.0000|0.0000|0.0000|0.0000|0.0000|0.0000|0.0000|0.0000|0.0000|0.0000|0.6804|0.0000|0.0000|0.0000|0.0000|0.0000|0.0000|0.0000|0.1646
zooplus.pt,https://zooplus.pt,benign,0.00,0,0.37,0,0.00|0.00|0.00|0.00|0.00|0.00|1.00|0.50|0.00|0.00|0.00|0.00|0.00|0.00|0.00,0.00|0.00|1.00|0.00|1.00|0.00|0.00|0.00|0.00|0.00|0.00|0.00|0.37,0.0000|0.0000|0.0000|0.0000|0.0000|0.0000|0.2683|0.1342|0.0000|0.0000|0.0000|0.0000|0.0000|0.0000|0.0000|0.0000|0.0000|0.4791|0.0000|0.4791|0.0000|0.0000|0.0000|0.0000|0.0000|0.0000|0.0000|0.1758
haude.at,https://haude.at,benign,0.00,0,0.24,0,0.00|0.00|0.00|0.00|0.00|0.00|1.00|0.50|0.00|0.00|0.00|0.00|0.00|0.00|0.00,0.00|0.00|0.00|0.00|1.00|0.00|0.00|0.00|0.00|0.00|0.00|0.00|0.24,0.0000|0.0000|0.0000|0.0000|0.0000|0.0000|0.2683|0.1342|0.0000|0.0000|0.0000|0.0000|0.0000|0.0000|0.0000|0.0000|0.0000|0.0000|0.0000|0.6804|0.0000|0.0000|0.0000|0.0000|0.0000|0.0000|0.0000|0.1646
zimbio.com,https://zimbio.com,benign,0.00,0,0.33,0,0.00|0.00|0.00|0.00|0.00|0.00|1.00|0.50|0.00|0.00|0.00|0.00|0.00|0.00|0.00,0.00|0.00|1.00|0.00|0.00|0.00|0.00|0.00|0.00|0.00|0.00|0.00|0.33,0.0000|0.0000|0.0000|0.0000|0.0000|0.0000|0.2683|0.1342|0.0000|0.0000|0.0000|0.0000|0.0000|0.0000|0.0000|0.0000|0.0000|0.6657|0.0000|0.0000|0.0000|0.0000|0.0000|0.0000|0.0000|0.0000|0.0000|0.2164
instagram01.ru,https://instagram01.ru,benign,0.00,0,0.41,0,0.00|0.00|0.00|0.00|0.00|0.00|1.00|0.50|0.00|0.00|0.00|0.00|0.00|0.00|0.00,0.00|0.00|0.00|0.00|1.00|1.00|0.00|0.00|0.00|0.00|0.00|0.00|0.41,0.0000|0.0000|0.0000|0.0000|0.0000|0.0000|0.2683|0.1342|0.0000|0.0000|0.0000|0.0000|0.0000|0.0000|0.0000|0.0000|0.0000|0.0000|0.0000|0.4756|0.4756|0.0000|0.0000|0.0000|0.0000|0.0000|0.0000|0.1940
zzstep.com,https://zzstep.com,benign,0.00,0,0.20,0,0.00|0.00|0.00|0.00|0.00|0.00|1.00|0.50|0.00|0.00|0.00|0.00|0.00|0.00|0.00,0.00|0.00|0.00|0.00|0.00|0.00|0.00|0.00|0.00|0.00|0.00|0.00|0.20,0.0000|0.0000|0.0000|0.0000|0.0000|0.0000|0.2683|0.1342|0.0000|0.0000|0.0000|0.0000|0.0000|0.0000|0.0000|0.0000|0.0000|0.0000|0.0000|0.0000|0.0000|0.0000|0.0000|0.0000|0.0000|0.0000|0.0000|0.7000
illy.com,http://illy.com,benign,0.00,0,0.24,0,0.00|0.00|0.00|0.00|0.00|0.00|0.00|0.50|0.00|0.00|0.00|0.00|0.00|0.00|0.00,0.00|0.00|0.00|0.00|1.00|0.00|0.00|0.00|0.00|0.00|0.00|0.00|0.24,0.0000|0.0000|0.0000|0.0000|0.0000|0.0000|0.0000|0.3000|0.0000|0.0000|0.0000|0.0000|0.0000|0.0000|0.0000|0.0000|0.0000|0.0000|0.0000|0.6804|0.0000|0.0000|0.0000|0.0000|0.0000|0.0000|0.0000|0.1646
gsmarena.com,https://gsmarena.com,benign,0.00,0,0.33,0,0.00|0.00|0.00|0.00|0.00|0.00|1.00|0.50|0.00|0.00|0.00|0.00|0.00|0.00|0.00,0.00|0.00|1.00|0.00|0.00|0.00|0.00|0.00|0.00|0.00|0.00|0.00|0.33,0.0000|0.0000|0.0000|0.0000|0.0000|0.0000|0.2683|0.1342|0.0000|0.0000|0.0000|0.0000|0.0000|0.0000|0.0000|0.0000|0.0000|0.6657|0.0000|0.0000|0.0000|0.0000|0.0000|0.0000|0.0000|0.0000|0.0000|0.2164
yelp.com.mx,http://yelp.com.mx,benign,0.00,0,0.24,0,0.00|0.00|0.00|0.00|0.00|0.00|0.00|0.50|0.00|0.00|0.00|0.00|0.00|0.00|0.00,0.00|0.00|0.00|0.00|1.00|0.00|0.00|0.00|0.00|0.00|0.00|0.00|0.24,0.0000|0.0000|0.0000|0.0000|0.0000|0.0000|0.0000|0.3000|0.0000|0.0000|0.0000|0.0000|0.0000|0.0000|0.0000|0.0000|0.0000|0.0000|0.0000|0.6804|0.0000|0.0000|0.0000|0.0000|0.0000|0.0000|0.0000|0.1646
ink-market.ru,https://ink-market.ru,benign,0.00,0,0.20,0,0.00|0.00|0.00|0.00|0.00|0.00|1.00|0.50|0.00|0.00|0.00|0.00|0.00|0.00|0.00,0.00|0.00|0.00|0.00|0.00|0.00|0.00|0.00|0.00|0.00|0.00|0.00|0.20,0.0000|0.0000|0.0000|0.0000|0.0000|0.0000|0.2683|0.1342|0.0000|0.0000|0.0000|0.0000|0.0000|0.0000|0.0000|0.0000|0.0000|0.0000|0.0000|0.0000|0.0000|0.0000|0.0000|0.0000|0.0000|0.0000|0.0000|0.7000
guebs.com,https://guebs.com,benign,0.00,0,0.35,0,0.00|0.00|0.00|0.00|0.00|0.00|1.00|0.50|0.00|0.00|0.00|0.00|0.00|0.00|0.00,1.00|0.00|0.00|0.00|1.00|0.00|0.00|0.00|0.00|0.00|0.00|0.00|0.35,0.0000|0.0000|0.0000|0.0000|0.0000|0.0000|0.2683|0.1342|0.0000|0.0000|0.0000|0.0000|0.0000|0.0000|0.0000|0.4808|0.0000|0.0000|0.0000|0.4808|0.0000|0.0000|0.0000|0.0000|0.0000|0.0000|0.0000|0.1664
zurple.com,https://zurple.com,benign,0.00,0,0.24,0,0.00|0.00|0.00|0.00|0.00|0.00|1.00|0.50|0.00|0.00|0.00|0.00|0.00|0.00|0.00,0.00|0.00|0.00|0.00|1.00|0.00|0.00|0.00|0.00|0.00|0.00|0.00|0.24,0.0000|0.0000|0.0000|0.0000|0.0000|0.0000|0.2683|0.1342|0.0000|0.0000|0.0000|0.0000|0.0000|0.0000|0.0000|0.0000|0.0000|0.0000|0.0000|0.6804|0.0000|0.0000|0.0000|0.0000|0.0000|0.0000|0.0000|0.1646
kanopy.com,https://kanopy.com,benign,0.00,0,0.33,0,0.00|0.00|0.00|0.00|0.00|0.00|1.00|0.50|0.00|0.00|0.00|0.00|0.00|0.00|0.00,0.00|0.00|1.00|0.00|0.00|0.00|0.00|0.00|0.00|0.00|0.00|0.00|0.33,0.0000|0.0000|0.0000|0.0000|0.0000|0.0000|0.2683|0.1342|0.0000|0.0000|0.0000|0.0000|0.0000|0.0000|0.0000|0.0000|0.0000|0.6657|0.0000|0.0000|0.0000|0.0000|0.0000|0.0000|0.0000|0.0000|0.0000|0.2164
harpercollege.edu,https://harpercollege.edu,benign,0.00,0,0.33,0,0.00|0.00|0.00|0.00|0.00|0.00|1.00|0.50|0.00|0.00|0.00|0.00|0.00|0.00|0.00,0.00|0.00|1.00|0.00|0.00|0.00|0.00|0.00|0.00|0.00|0.00|0.00|0.33,0.0000|0.0000|0.0000|0.0000|0.0000|0.0000|0.2683|0.1342|0.0000|0.0000|0.0000|0.0000|0.0000|0.0000|0.0000|0.0000|0.0000|0.6657|0.0000|0.0000|0.0000|0.0000|0.0000|0.0000|0.0000|0.0000|0.0000|0.2164
grube.de,http://grube.de,benign,0.00,0,0.24,0,0.00|0.00|0.00|0.00|0.00|0.00|0.00|0.50|0.00|0.00|0.00|0.00|0.00|0.00|0.00,0.00|0.00|0.00|0.00|1.00|0.00|0.00|0.00|0.00|0.00|0.00|0.00|0.24,0.0000|0.0000|0.0000|0.0000|0.0000|0.0000|0.0000|0.3000|0.0000|0.0000|0.0000|0.0000|0.0000|0.0000|0.0000|0.0000|0.0000|0.0000|0.0000|0.6804|0.0000|0.0000|0.0000|0.0000|0.0000|0.0000|0.0000|0.1646
harpersbazaararabia.com,https://harpersbazaararabia.com,benign,0.00,0,0.20,0,0.00|0.00|0.00|0.00|0.00|0.00|1.00|0.50|0.00|0.00|0.00|0.00|0.00|0.00|0.00,0.00|0.00|0.00|0.00|0.00|0.00|0.00|0.00|0.00|0.00|0.00|0.00|0.20,0.0000|0.0000|0.0000|0.0000|0.0000|0.0000|0.2683|0.1342|0.0000|0.0000|0.0000|0.0000|0.0000|0.0000|0.0000|0.0000|0.0000|0.0000|0.0000|0.0000|0.0000|0.0000|0.0000|0.0000|0.0000|0.0000|0.0000|0.7000
yelp.com,http://yelp.com,benign,0.00,0,0.37,0,0.00|0.00|0.00|0.00|0.00|0.00|0.00|0.50|0.00|0.00|0.00|0.00|0.00|0.00|0.00,0.00|0.00|1.00|0.00|1.00|0.00|0.00|0.00|0.00|0.00|0.00|0.00|0.37,0.0000|0.0000|0.0000|0.0000|0.0000|0.0000|0.0000|0.3000|0.0000|0.0000|0.0000|0.0000|0.0000|0.0000|0.0000|0.0000|0.0000|0.4791|0.0000|0.4791|0.0000|0.0000|0.0000|0.0000|0.0000|0.0000|0.0000|0.1758
grodno.in,http://grodno.in,benign,0.00,0,0.20,0,0.00|0.00|0.00|0.00|0.00|0.00|0.00|0.50|0.00|0.00|0.00|0.00|0.00|0.00|0.00,0.00|0.00|0.00|0.00|0.00|0.00|0.00|0.00|0.00|0.00|0.00|0.00|0.20,0.0000|0.0000|0.0000|0.0000|0.0000|0.0000|0.0000|0.3000|0.0000|0.0000|0.0000|0.0000|0.0000|0.0000|0.0000|0.0000|0.0000|0.0000|0.0000|0.0000|0.0000|0.0000|0.0000|0.0000|0.0000|0.0000|0.0000|0.7000
groupastrolog.ru,https://groupastrolog.ru,benign,0.00,0,0.33,0,0.00|0.00|0.00|0.00|0.00|0.00|1.00|0.50|0.00|0.00|0.00|0.00|0.00|0.00|0.00,0.00|0.00|1.00|0.00|0.00|0.00|0.00|0.00|0.00|0.00|0.00|0.00|0.33,0.0000|0.0000|0.0000|0.0000|0.0000|0.0000|0.2683|0.1342|0.0000|0.0000|0.0000|0.0000|0.0000|0.0000|0.0000|0.0000|0.0000|0.6657|0.0000|0.0000|0.0000|0.0000|0.0000|0.0000|0.0000|0.0000|0.0000|0.2164
justwravel.com,https://justwravel.com,benign,0.00,0,0.24,0,0.00|0.00|0.00|0.00|0.00|0.00|1.00|0.50|0.00|0.00|0.00|0.00|0.00|0.00|0.00,0.00|0.00|0.00|0.00|1.00|0.00|0.00|0.00|0.00|0.00|0.00|0.00|0.24,0.0000|0.0000|0.0000|0.0000|0.0000|0.0000|0.2683|0.1342|0.0000|0.0000|0.0000|0.0000|0.0000|0.0000|0.0000|0.0000|0.0000|0.0000|0.0000|0.6804|0.0000|0.0000|0.0000|0.0000|0.0000|0.0000|0.0000|0.1646
haraj.com,https://haraj.com,benign,0.00,0,0.20,0,0.00|0.00|0.00|0.00|0.00|0.00|1.00|0.50|0.00|0.00|0.00|0.00|0.00|0.00|0.00,0.00|0.00|0.00|0.00|0.00|0.00|0.00|0.00|0.00|0.00|0.00|0.00|0.20,0.0000|0.0000|0.0000|0.0000|0.0000|0.0000|0.2683|0.1342|0.0000|0.0000|0.0000|0.0000|0.0000|0.0000|0.0000|0.0000|0.0000|0.0000|0.0000|0.0000|0.0000|0.0000|0.0000|0.0000|0.0000|0.0000|0.0000|0.7000
admetix.com,https://admetix.com,benign,0.00,0,0.20,0,0.00|0.00|0.00|0.00|0.00|0.00|1.00|0.50|0.00|0.00|0.00|0.00|0.00|0.00|0.00,0.00|0.00|0.00|0.00|0.00|0.00|0.00|0.00|0.00|0.00|0.00|0.00|0.20,0.0000|0.0000|0.0000|0.0000|0.0000|0.0000|0.2683|0.1342|0.0000|0.0000|0.0000|0.0000|0.0000|0.0000|0.0000|0.0000|0.0000|0.0000|0.0000|0.0000|0.0000|0.0000|0.0000|0.0000|0.0000|0.0000|0.0000|0.7000
1blu.de,http://1blu.de,benign,0.00,0,0.37,0,0.00|0.00|0.00|0.00|0.00|0.00|0.00|0.50|0.00|0.00|0.00|0.00|0.00|0.00|0.00,0.00|0.00|1.00|0.00|1.00|0.00|0.00|0.00|0.00|0.00|0.00|0.00|0.37,0.0000|0.0000|0.0000|0.0000|0.0000|0.0000|0.0000|0.3000|0.0000|0.0000|0.0000|0.0000|0.0000|0.0000|0.0000|0.0000|0.0000|0.4791|0.0000|0.4791|0.0000|0.0000|0.0000|0.0000|0.0000|0.0000|0.0000|0.1758
appletuan.com,https://appletuan.com,benign,0.00,0,0.51,1,0.00|0.00|0.00|0.00|0.00|0.00|1.00|0.50|0.00|0.00|0.00|0.00|0.00|0.00|0.00,1.00|0.00|0.00|0.00|1.00|1.00|0.00|0.00|0.00|0.00|0.00|0.00|0.51,0.0000|0.0000|0.0000|0.0000|0.0000|0.0000|0.2683|0.1342|0.0000|0.0000|0.0000|0.0000|0.0000|0.0000|0.0000|0.3876|0.0000|0.0000|0.0000|0.3876|0.3876|0.0000|0.0000|0.0000|0.0000|0.0000|0.0000|0.1984
kamuitracker.com,https://kamuitracker.com,benign,0.00,0,0.24,0,0.00|0.00|0.00|0.00|0.00|0.00|1.00|0.50|0.00|0.00|0.00|0.00|0.00|0.00|0.00,0.00|0.00|0.00|0.00|1.00|0.00|0.00|0.00|0.00|0.00|0.00|0.00|0.24,0.0000|0.0000|0.0000|0.0000|0.0000|0.0000|0.2683|0.1342|0.0000|0.0000|0.0000|0.0000|0.0000|0.0000|0.0000|0.0000|0.0000|0.0000|0.0000|0.6804|0.0000|0.0000|0.0000|0.0000|0.0000|0.0000|0.0000|0.1646
grupo.jp,https://grupo.jp,benign,0.00,0,0.24,0,0.00|0.00|0.00|0.00|0.00|0.00|1.00|0.50|0.00|0.00|0.00|0.00|0.00|0.00|0.00,0.00|0.00|0.00|0.00|1.00|0.00|0.00|0.00|0.00|0.00|0.00|0.00|0.24,0.0000|0.0000|0.0000|0.0000|0.0000|0.0000|0.2683|0.1342|0.0000|0.0000|0.0000|0.0000|0.0000|0.0000|0.0000|0.0000|0.0000|0.0000|0.0000|0.6804|0.0000|0.0000|0.0000|0.0000|0.0000|0.0000|0.0000|0.1646
harrisfarm.com.au,http://harrisfarm.com.au,benign,0.00,0,0.24,0,0.00|0.00|0.00|0.00|0.00|0.00|0.00|0.50|0.00|0.00|0.00|0.00|0.00|0.00|0.00,0.00|0.00|0.00|0.00|1.00|0.00|0.00|0.00|0.00|0.00|0.00|0.00|0.24,0.0000|0.0000|0.0000|0.0000|0.0000|0.0000|0.0000|0.3000|0.0000|0.0000|0.0000|0.0000|0.0000|0.0000|0.0000|0.0000|0.0000|0.0000|0.0000|0.6804|0.0000|0.0000|0.0000|0.0000|0.0000|0.0000|0.0000|0.1646
administrator.de,http://administrator.de,benign,0.00,0,0.20,0,0.00|0.00|0.00|0.00|0.00|0.00|0.00|0.50|0.00|0.00|0.00|0.00|0.00|0.00|0.00,0.00|0.00|0.00|0.00|0.00|0.00|0.00|0.00|0.00|0.00|0.00|0.00|0.20,0.0000|0.0000|0.0000|0.0000|0.0000|0.0000|0.0000|0.3000|0.0000|0.0000|0.0000|0.0000|0.0000|0.0000|0.0000|0.0000|0.0000|0.0000|0.0000|0.0000|0.0000|0.0000|0.0000|0.0000|0.0000|0.0000|0.0000|0.7000
grubgrade.com,https://grubgrade.com,benign,0.00,0,0.20,0,0.00|0.00|0.00|0.00|0.00|0.00|1.00|0.50|0.00|0.00|0.00|0.00|0.00|0.00|0.00,0.00|0.00|0.00|0.00|0.00|0.00|0.00|0.00|0.00|0.00|0.00|0.00|0.20,0.0000|0.0000|0.0000|0.0000|0.0000|0.0000|0.2683|0.1342|0.0000|0.0000|0.0000|0.0000|0.0000|0.0000|0.0000|0.0000|0.0000|0.0000|0.0000|0.0000|0.0000|0.0000|0.0000|0.0000|0.0000|0.0000|0.0000|0.7000
yelp.com.tw,http://yelp.com.tw,benign,0.00,0,0.24,0,0.00|0.00|0.00|0.00|0.00|0.00|0.00|0.50|0.00|0.00|0.00|0.00|0.00|0.00|0.00,0.00|0.00|0.00|0.00|1.00|0.00|0.00|0.00|0.00|0.00|0.00|0.00|0.24,0.0000|0.0000|0.0000|0.0000|0.0000|0.0000|0.0000|0.3000|0.0000|0.0000|0.0000|0.0000|0.0000|0.0000|0.0000|0.0000|0.0000|0.0000|0.0000|0.6804|0.0000|0.0000|0.0000|0.0000|0.0000|0.0000|0.0000|0.1646
addyoursex.com,https://addyoursex.com,benign,0.00,0,0.30,0,0.00|0.00|0.00|0.00|0.00|0.00|1.00|0.50|0.00|0.00|0.00|0.00|0.00|0.00|0.00,1.00|0.00|0.00|0.00|0.00|0.00|0.00|0.00|0.00|0.00|0.00|0.00|0.30,0.0000|0.0000|0.0000|0.0000|0.0000|0.0000|0.2683|0.1342|0.0000|0.0000|0.0000|0.0000|0.0000|0.0000|0.0000|0.6697|0.0000|0.0000|0.0000|0.0000|0.0000|0.0000|0.0000|0.0000|0.0000|0.0000|0.0000|0.2036
juniqe.fr,https://juniqe.fr,benign,0.00,0,0.24,0,0.00|0.00|0.00|0.00|0.00|0.00|1.00|0.50|0.00|0.00|0.00|0.00|0.00|0.00|0.00,0.00|0.00|0.00|0.00|1.00|0.00|0.00|0.00|0.00|0.00|0.00|0.00|0.24,0.0000|0.0000|0.0000|0.0000|0.0000|0.0000|0.2683|0.1342|0.0000|0.0000|0.0000|0.0000|0.0000|0.0000|0.0000|0.0000|0.0000|0.0000|0.0000|0.6804|0.0000|0.0000|0.0000|0.0000|0.0000|0.0000|0.0000|0.1646
kantarmedia.com,http://kantarmedia.com,benign,0.00,0,0.20,0,0.00|0.00|0.00|0.00|0.00|0.00|0.00|0.50|0.00|0.00|0.00|0.00|0.00|0.00|0.00,0.00|0.00|0.00|0.00|0.00|0.00|0.00|0.00|0.00|0.00|0.00|0.00|0.20,0.0000|0.0000|0.0000|0.0000|0.0000|0.0000|0.0000|0.3000|0.0000|0.0000|0.0000|0.0000|0.0000|0.0000|0.0000|0.0000|0.0000|0.0000|0.0000|0.0000|0.0000|0.0000|0.0000|0.0000|0.0000|0.0000|0.0000|0.7000
insportline.hu,https://insportline.hu,benign,0.00,0,0.24,0,0.00|0.00|0.00|0.00|0.00|0.00|1.00|0.50|0.00|0.00|0.00|0.00|0.00|0.00|0.00,0.00|0.00|0.00|0.00|1.00|0.00|0.00|0.00|0.00|0.00|0.00|0.00|0.24,0.0000|0.0000|0.0000|0.0000|0.0000|0.0000|0.2683|0.1342|0.0000|0.0000|0.0000|0.0000|0.0000|0.0000|0.0000|0.0000|0.0000|0.0000|0.0000|0.6804|0.0000|0.0000|0.0000|0.0000|0.0000|0.0000|0.0000|0.1646
afkmods.com,https://afkmods.com,benign,0.00,0,0.20,0,0.00|0.00|0.00|0.00|0.00|0.00|1.00|0.50|0.00|0.00|0.00|0.00|0.00|0.00|0.00,0.00|0.00|0.00|0.00|0.00|0.00|0.00|0.00|0.00|0.00|0.00|0.00|0.20,0.0000|0.0000|0.0000|0.0000|0.0000|0.0000|0.2683|0.1342|0.0000|0.0000|0.0000|0.0000|0.0000|0.0000|0.0000|0.0000|0.0000|0.0000|0.0000|0.0000|0.0000|0.0000|0.0000|0.0000|0.0000|0.0000|0.0000|0.7000
1cupis.ru,https://1cupis.ru,benign,0.00,0,0.33,0,0.00|0.00|0.00|0.00|0.00|0.00|1.00|0.50|0.00|0.00|0.00|0.00|0.00|0.00|0.00,0.00|0.00|1.00|0.00|0.00|0.00|0.00|0.00|0.00|0.00|0.00|0.00|0.33,0.0000|0.0000|0.0000|0.0000|0.0000|0.0000|0.2683|0.1342|0.0000|0.0000|0.0000|0.0000|0.0000|0.0000|0.0000|0.0000|0.0000|0.6657|0.0000|0.0000|0.0000|0.0000|0.0000|0.0000|0.0000|0.0000|0.0000|0.2164
admissionhelp.com,https://admissionhelp.com,benign,0.00,0,0.20,0,0.00|0.00|0.00|0.00|0.00|0.00|1.00|0.50|0.00|0.00|0.00|0.00|0.00|0.00|0.00,0.00|0.00|0.00|0.00|0.00|0.00|0.00|0.00|0.00|0.00|0.00|0.00|0.20,0.0000|0.0000|0.0000|0.0000|0.0000|0.0000|0.2683|0.1342|0.0000|0.0000|0.0000|0.0000|0.0000|0.0000|0.0000|0.0000|0.0000|0.0000|0.0000|0.0000|0.0000|0.0000|0.0000|0.0000|0.0000|0.0000|0.0000|0.7000
workday.com,https://workday.com,benign,0.00,0,0.37,0,0.00|0.00|0.00|0.00|0.00|0.00|1.00|0.50|0.00|0.00|0.00|0.00|0.00|0.00|0.00,0.00|0.00|1.00|0.00|1.00|0.00|0.00|0.00|0.00|0.00|0.00|0.00|0.37,0.0000|0.0000|0.0000|0.0000|0.0000|0.0000|0.2683|0.1342|0.0000|0.0000|0.0000|0.0000|0.0000|0.0000|0.0000|0.0000|0.0000|0.4791|0.0000|0.4791|0.0000|0.0000|0.0000|0.0000|0.0000|0.0000|0.0000|0.1758
ilikephp.ir,https://ilikephp.ir,benign,0.00,0,0.20,0,0.00|0.00|0.00|0.00|0.00|0.00|1.00|0.50|0.00|0.00|0.00|0.00|0.00|0.00|0.00,0.00|0.00|0.00|0.00|0.00|0.00|0.00|0.00|0.00|0.00|0.00|0.00|0.20,0.0000|0.0000|0.0000|0.0000|0.0000|0.0000|0.2683|0.1342|0.0000|0.0000|0.0000|0.0000|0.0000|0.0000|0.0000|0.0000|0.0000|0.0000|0.0000|0.0000|0.0000|0.0000|0.0000|0.0000|0.0000|0.0000|0.0000|0.7000
gtja.com,https://gtja.com,benign,0.00,0,0.20,0,0.00|0.00|0.00|0.00|0.00|0.00|1.00|0.50|0.00|0.00|0.00|0.00|0.00|0.00|0.00,0.00|0.00|0.00|0.00|0.00|0.00|0.00|0.00|0.00|0.00|0.00|0.00|0.20,0.0000|0.0000|0.0000|0.0000|0.0000|0.0000|0.2683|0.1342|0.0000|0.0000|0.0000|0.0000|0.0000|0.0000|0.0000|0.0000|0.0000|0.0000|0.0000|0.0000|0.0000|0.0000|0.0000|0.0000|0.0000|0.0000|0.0000|0.7000
gsmfastest.com,https://gsmfastest.com,benign,0.00,0,0.20,0,0.00|0.00|0.00|0.00|0.00|0.00|1.00|0.50|0.00|0.00|0.00|0.00|0.00|0.00|0.00,0.00|0.00|0.00|0.00|0.00|0.00|0.00|0.00|0.00|0.00|0.00|0.00|0.20,0.0000|0.0000|0.0000|0.0000|0.0000|0.0000|0.2683|0.1342|0.0000|0.0000|0.0000|0.0000|0.0000|0.0000|0.0000|0.0000|0.0000|0.0000|0.0000|0.0000|0.0000|0.0000|0.0000|0.0000|0.0000|0.0000|0.0000|0.7000
hautestock.co,https://hautestock.co,benign,0.00,0,0.20,0,0.00|0.00|0.00|0.00|0.00|0.00|1.00|0.50|0.00|0.00|0.00|0.00|0.00|0.00|0.00,0.00|0.00|0.00|0.00|0.00|0.00|0.00|0.00|0.00|0.00|0.00|0.00|0.20,0.0000|0.0000|0.0000|0.0000|0.0000|0.0000|0.2683|0.1342|0.0000|0.0000|0.0000|0.0000|0.0000|0.0000|0.0000|0.0000|0.0000|0.0000|0.0000|0.0000|0.0000|0.0000|0.0000|0.0000|0.0000|0.0000|0.0000|0.7000
inkstation.com.au,https://inkstation.com.au,benign,0.00,0,0.33,0,0.00|0.00|0.00|0.00|0.00|0.00|1.00|0.50|0.00|0.00|0.00|0.00|0.00|0.00|0.00,0.00|0.00|1.00|0.00|0.00|0.00|0.00|0.00|0.00|0.00|0.00|0.00|0.33,0.0000|0.0000|0.0000|0.0000|0.0000|0.0000|0.2683|0.1342|0.0000|0.0000|0.0000|0.0000|0.0000|0.0000|0.0000|0.0000|0.0000|0.6657|0.0000|0.0000|0.0000|0.0000|0.0000|0.0000|0.0000|0.0000|0.0000|0.2164
gruene.de,https://gruene.de,benign,0.00,0,0.33,0,0.00|0.00|0.00|0.00|0.00|0.00|1.00|0.50|0.00|0.00|0.00|0.00|0.00|0.00|0.00,0.00|0.00|1.00|0.00|0.00|0.00|0.00|0.00|0.00|0.00|0.00|0.00|0.33,0.0000|0.0000|0.0000|0.0000|0.0000|0.0000|0.2683|0.1342|0.0000|0.0000|0.0000|0.0000|0.0000|0.0000|0.0000|0.0000|0.0000|0.6657|0.0000|0.0000|0.0000|0.0000|0.0000|0.0000|0.0000|0.0000|0.0000|0.2164
insidermonkey.com,https://insidermonkey.com,benign,0.00,0,0.33,0,0.00|0.00|0.00|0.00|0.00|0.00|1.00|0.50|0.00|0.00|0.00|0.00|0.00|0.00|0.00,0.00|0.00|1.00|0.00|0.00|0.00|0.00|0.00|0.00|0.00|0.00|0.00|0.33,0.0000|0.0000|0.0000|0.0000|0.0000|0.0000|0.2683|0.1342|0.0000|0.0000|0.0000|0.0000|0.0000|0.0000|0.0000|0.0000|0.0000|0.6657|0.0000|0.0000|0.0000|0.0000|0.0000|0.0000|0.0000|0.0000|0.0000|0.2164
groundai.com,https://groundai.com,benign,0.00,0,0.24,0,0.00|0.00|0.00|0.00|0.00|0.00|1.00|0.50|0.00|0.00|0.00|0.00|0.00|0.00|0.00,0.00|0.00|0.00|0.00|1.00|0.00|0.00|0.00|0.00|0.00|0.00|0.00|0.24,0.0000|0.0000|0.0000|0.0000|0.0000|0.0000|0.2683|0.1342|0.0000|0.0000|0.0000|0.0000|0.0000|0.0000|0.0000|0.0000|0.0000|0.0000|0.0000|0.6804|0.0000|0.0000|0.0000|0.0000|0.0000|0.0000|0.0000|0.1646
gsm-egypt.com,https://gsm-egypt.com,benign,0.00,0,0.20,0,0.00|0.00|0.00|0.00|0.00|0.00|1.00|0.50|0.00|0.00|0.00|0.00|0.00|0.00|0.00,0.00|0.00|0.00|0.00|0.00|0.00|0.00|0.00|0.00|0.00|0.00|0.00|0.20,0.0000|0.0000|0.0000|0.0000|0.0000|0.0000|0.2683|0.1342|0.0000|0.0000|0.0000|0.0000|0.0000|0.0000|0.0000|0.0000|0.0000|0.0000|0.0000|0.0000|0.0000|0.0000|0.0000|0.0000|0.0000|0.0000|0.0000|0.7000
inpressco.com,https://inpressco.com,benign,0.00,0,0.33,0,0.00|0.00|0.00|0.00|0.00|0.00|1.00|0.50|0.00|0.00|0.00|0.00|0.00|0.00|0.00,0.00|0.00|1.00|0.00|0.00|0.00|0.00|0.00|0.00|0.00|0.00|0.00|0.33,0.0000|0.0000|0.0000|0.0000|0.0000|0.0000|0.2683|0.1342|0.0000|0.0000|0.0000|0.0000|0.0000|0.0000|0.0000|0.0000|0.0000|0.6657|0.0000|0.0000|0.0000|0.0000|0.0000|0.0000|0.0000|0.0000|0.0000|0.2164
affinitycu.ca,https://affinitycu.ca,benign,0.00,0,0.24,0,0.00|0.00|0.00|0.00|0.00|0.00|1.00|0.50|0.00|0.00|0.00|0.00|0.00|0.00|0.00,0.00|0.00|0.00|0.00|1.00|0.00|0.00|0.00|0.00|0.00|0.00|0.00|0.24,0.0000|0.0000|0.0000|0.0000|0.0000|0.0000|0.2683|0.1342|0.0000|0.0000|0.0000|0.0000|0.0000|0.0000|0.0000|0.0000|0.0000|0.0000|0.0000|0.6804|0.0000|0.0000|0.0000|0.0000|0.0000|0.0000|0.0000|0.1646
yelp.es,https://yelp.es,benign,0.00,0,0.24,0,0.00|0.00|0.00|0.00|0.00|0.00|1.00|0.50|0.00|0.00|0.00|0.00|0.00|0.00|0.00,0.00|0.00|0.00|0.00|1.00|0.00|0.00|0.00|0.00|0.00|0.00|0.00|0.24,0.0000|0.0000|0.0000|0.0000|0.0000|0.0000|0.2683|0.1342|0.0000|0.0000|0.0000|0.0000|0.0000|0.0000|0.0000|0.0000|0.0000|0.0000|0.0000|0.6804|0.0000|0.0000|0.0000|0.0000|0.0000|0.0000|0.0000|0.1646
justapinch.com,https://justapinch.com,benign,0.00,0,0.20,0,0.00|0.00|0.00|0.00|0.00|0.00|1.00|0.50|0.00|0.00|0.00|0.00|0.00|0.00|0.00,0.00|0.00|0.00|0.00|0.00|0.00|0.00|0.00|0.00|0.00|0.00|0.00|0.20,0.0000|0.0000|0.0000|0.0000|0.0000|0.0000|0.2683|0.1342|0.0000|0.0000|0.0000|0.0000|0.0000|0.0000|0.0000|0.0000|0.0000|0.0000|0.0000|0.0000|0.0000|0.0000|0.0000|0.0000|0.0000|0.0000|0.0000|0.7000
aepdc.ir,https://aepdc.ir,benign,0.00,0,0.20,0,0.00|0.00|0.00|0.00|0.00|0.00|1.00|0.50|0.00|0.00|0.00|0.00|0.00|0.00|0.00,0.00|0.00|0.00|0.00|0.00|0.00|0.00|0.00|0.00|0.00|0.00|0.00|0.20,0.0000|0.0000|0.0000|0.0000|0.0000|0.0000|0.2683|0.1342|0.0000|0.0000|0.0000|0.0000|0.0000|0.0000|0.0000|0.0000|0.0000|0.0000|0.0000|0.0000|0.0000|0.0000|0.0000|0.0000|0.0000|0.0000|0.0000|0.7000
harman.com,http://harman.com,benign,0.00,0,0.33,0,0.00|0.00|0.00|0.00|0.00|0.00|0.00|0.50|0.00|0.00|0.00|0.00|0.00|0.00|0.00,0.00|0.00|1.00|0.00|0.00|0.00|0.00|0.00|0.00|0.00|0.00|0.00|0.33,0.0000|0.0000|0.0000|0.0000|0.0000|0.0000|0.0000|0.3000|0.0000|0.0000|0.0000|0.0000|0.0000|0.0000|0.0000|0.0000|0.0000|0.6657|0.0000|0.0000|0.0000|0.0000|0.0000|0.0000|0.0000|0.0000|0.0000|0.2164
gtaforums.com,https://gtaforums.com,benign,0.00,0,0.20,0,0.00|0.00|0.00|0.00|0.00|0.00|1.00|0.50|0.00|0.00|0.00|0.00|0.00|0.00|0.00,0.00|0.00|0.00|0.00|0.00|0.00|0.00|0.00|0.00|0.00|0.00|0.00|0.20,0.0000|0.0000|0.0000|0.0000|0.0000|0.0000|0.2683|0.1342|0.0000|0.0000|0.0000|0.0000|0.0000|0.0000|0.0000|0.0000|0.0000|0.0000|0.0000|0.0000|0.0000|0.0000|0.0000|0.0000|0.0000|0.0000|0.0000|0.7000
ilerna.es,https://ilerna.es,benign,0.00,0,0.24,0,0.00|0.00|0.00|0.00|0.00|0.00|1.00|0.50|0.00|0.00|0.00|0.00|0.00|0.00|0.00,0.00|0.00|0.00|0.00|1.00|0.00|0.00|0.00|0.00|0.00|0.00|0.00|0.24,0.0000|0.0000|0.0000|0.0000|0.0000|0.0000|0.2683|0.1342|0.0000|0.0000|0.0000|0.0000|0.0000|0.0000|0.0000|0.0000|0.0000|0.0000|0.0000|0.6804|0.0000|0.0000|0.0000|0.0000|0.0000|0.0000|0.0000|0.1646
zurich.com.my,https://zurich.com.my,benign,0.00,0,0.24,0,0.00|0.00|0.00|0.00|0.00|0.00|1.00|0.50|0.00|0.00|0.00|0.00|0.00|0.00|0.00,0.00|0.00|0.00|0.00|1.00|0.00|0.00|0.00|0.00|0.00|0.00|0.00|0.24,0.0000|0.0000|0.0000|0.0000|0.0000|0.0000|0.2683|0.1342|0.0000|0.0000|0.0000|0.0000|0.0000|0.0000|0.0000|0.0000|0.0000|0.0000|0.0000|0.6804|0.0000|0.0000|0.0000|0.0000|0.0000|0.0000|0.0000|0.1646
yondemill.jp,http://yondemill.jp,benign,0.00,0,0.20,0,0.00|0.00|0.00|0.00|0.00|0.00|0.00|0.50|0.00|0.00|0.00|0.00|0.00|0.00|0.00,0.00|0.00|0.00|0.00|0.00|0.00|0.00|0.00|0.00|0.00|0.00|0.00|0.20,0.0000|0.0000|0.0000|0.0000|0.0000|0.0000|0.0000|0.3000|0.0000|0.0000|0.0000|0.0000|0.0000|0.0000|0.0000|0.0000|0.0000|0.0000|0.0000|0.0000|0.0000|0.0000|0.0000|0.0000|0.0000|0.0000|0.0000|0.7000
zpn.im,https://zpn.im,benign,0.00,0,0.24,0,0.00|0.00|0.00|0.00|0.00|0.00|1.00|0.50|0.00|0.00|0.00|0.00|0.00|0.00|0.00,0.00|0.00|0.00|0.00|1.00|0.00|0.00|0.00|0.00|0.00|0.00|0.00|0.24,0.0000|0.0000|0.0000|0.0000|0.0000|0.0000|0.2683|0.1342|0.0000|0.0000|0.0000|0.0000|0.0000|0.0000|0.0000|0.0000|0.0000|0.0000|0.0000|0.6804|0.0000|0.0000|0.0000|0.0000|0.0000|0.0000|0.0000|0.1646
judge.me,https://judge.me,benign,0.00,0,0.35,0,0.00|0.00|0.00|0.00|0.00|0.00|1.00|0.50|0.00|0.00|0.00|0.00|0.00|0.00|0.00,1.00|0.00|0.00|0.00|1.00|0.00|0.00|0.00|0.00|0.00|0.00|0.00|0.35,0.0000|0.0000|0.0000|0.0000|0.0000|0.0000|0.2683|0.1342|0.0000|0.0000|0.0000|0.0000|0.0000|0.0000|0.0000|0.4808|0.0000|0.0000|0.0000|0.4808|0.0000|0.0000|0.0000|0.0000|0.0000|0.0000|0.0000|0.1664
juventusnews24.com,https://juventusnews24.com,benign,0.00,0,0.33,0,0.00|0.00|0.00|0.00|0.00|0.00|1.00|0.50|0.00|0.00|0.00|0.00|0.00|0.00|0.00,0.00|0.00|1.00|0.00|0.00|0.00|0.00|0.00|0.00|0.00|0.00|0.00|0.33,0.0000|0.0000|0.0000|0.0000|0.0000|0.0000|0.2683|0.1342|0.0000|0.0000|0.0000|0.0000|0.0000|0.0000|0.0000|0.0000|0.0000|0.6657|0.0000|0.0000|0.0000|0.0000|0.0000|0.0000|0.0000|0.0000|0.0000|0.2164
zkoss.org,https://zkoss.org,benign,0.00,0,0.35,0,0.00|0.00|0.00|0.00|0.00|0.00|1.00|0.50|0.00|0.00|0.00|0.00|0.00|0.00|0.00,1.00|0.00|0.00|0.00|1.00|0.00|0.00|0.00|0.00|0.00|0.00|0.00|0.35,0.0000|0.0000|0.0000|0.0000|0.0000|0.0000|0.2683|0.1342|0.0000|0.0000|0.0000|0.0000|0.0000|0.0000|0.0000|0.4808|0.0000|0.0000|0.0000|0.4808|0.0000|0.0000|0.0000|0.0000|0.0000|0.0000|0.0000|0.1664
gsmsandwich.com.ph,https://gsmsandwich.com.ph,benign,0.00,0,0.24,0,0.00|0.00|0.00|0.00|0.00|0.00|1.00|0.50|0.00|0.00|0.00|0.00|0.00|0.00|0.00,0.00|0.00|0.00|0.00|1.00|0.00|0.00|0.00|0.00|0.00|0.00|0.00|0.24,0.0000|0.0000|0.0000|0.0000|0.0000|0.0000|0.2683|0.1342|0.0000|0.0000|0.0000|0.0000|0.0000|0.0000|0.0000|0.0000|0.0000|0.0000|0.0000|0.6804|0.0000|0.0000|0.0000|0.0000|0.0000|0.0000|0.0000|0.1646
adsbridge.com,https://adsbridge.com,benign,0.00,0,0.24,0,0.00|0.00|0.00|0.00|0.00|0.00|1.00|0.50|0.00|0.00|0.00|0.00|0.00|0.00|0.00,0.00|0.00|0.00|0.00|1.00|0.00|0.00|0.00|0.00|0.00|0.00|0.00|0.24,0.0000|0.0000|0.0000|0.0000|0.0000|0.0000|0.2683|0.1342|0.0000|0.0000|0.0000|0.0000|0.0000|0.0000|0.0000|0.0000|0.0000|0.0000|0.0000|0.6804|0.0000|0.0000|0.0000|0.0000|0.0000|0.0000|0.0000|0.1646
zwangsversteigerung.de,https://zwangsversteigerung.de,benign,0.00,0,0.24,0,0.00|0.00|0.00|0.00|0.00|0.00|1.00|0.50|0.00|0.00|0.00|0.00|0.00|0.00|0.00,0.00|0.00|0.00|0.00|1.00|0.00|0.00|0.00|0.00|0.00|0.00|0.00|0.24,0.0000|0.0000|0.0000|0.0000|0.0000|0.0000|0.2683|0.1342|0.0000|0.0000|0.0000|0.0000|0.0000|0.0000|0.0000|0.0000|0.0000|0.0000|0.0000|0.6804|0.0000|0.0000|0.0000|0.0000|0.0000|0.0000|0.0000|0.1646
jungle.world,https://jungle.world,benign,0.00,0,0.20,0,0.00|0.00|0.00|0.00|0.00|0.00|1.00|0.50|0.00|0.00|0.00|0.00|0.00|0.00|0.00,0.00|0.00|0.00|0.00|0.00|0.00|0.00|0.00|0.00|0.00|0.00|0.00|0.20,0.0000|0.0000|0.0000|0.0000|0.0000|0.0000|0.2683|0.1342|0.0000|0.0000|0.0000|0.0000|0.0000|0.0000|0.0000|0.0000|0.0000|0.0000|0.0000|0.0000|0.0000|0.0000|0.0000|0.0000|0.0000|0.0000|0.0000|0.7000
yellowpagesvn.com,https://yellowpagesvn.com,benign,0.00,0,0.20,0,0.00|0.00|0.00|0.00|0.00|0.00|1.00|0.50|0.00|0.00|0.00|0.00|0.00|0.00|0.00,0.00|0.00|0.00|0.00|0.00|0.00|0.00|0.00|0.00|0.00|0.00|0.00|0.20,0.0000|0.0000|0.0000|0.0000|0.0000|0.0000|0.2683|0.1342|0.0000|0.0000|0.0000|0.0000|0.0000|0.0000|0.0000|0.0000|0.0000|0.0000|0.0000|0.0000|0.0000|0.0000|0.0000|0.0000|0.0000|0.0000|0.0000|0.7000
harempants.com,https://harempants.com,benign,0.00,0,0.20,0,0.00|0.00|0.00|0.00|0.00|0.00|1.00|0.50|0.00|0.00|0.00|0.00|0.00|0.00|0.00,0.00|0.00|0.00|0.00|0.00|0.00|0.00|0.00|0.00|0.00|0.00|0.00|0.20,0.0000|0.0000|0.0000|0.0000|0.0000|0.0000|0.2683|0.1342|0.0000|0.0000|0.0000|0.0000|0.0000|0.0000|0.0000|0.0000|0.0000|0.0000|0.0000|0.0000|0.0000|0.0000|0.0000|0.0000|0.0000|0.0000|0.0000|0.7000
han-be.com,https://han-be.com,benign,0.00,0,0.24,0,0.00|0.00|0.00|0.00|0.00|0.00|1.00|0.50|0.00|0.00|0.00|0.00|0.00|0.00|0.00,0.00|0.00|0.00|0.00|1.00|0.00|0.00|0.00|0.00|0.00|0.00|0.00|0.24,0.0000|0.0000|0.0000|0.0000|0.0000|0.0000|0.2683|0.1342|0.0000|0.0000|0.0000|0.0000|0.0000|0.0000|0.0000|0.0000|0.0000|0.0000|0.0000|0.6804|0.0000|0.0000|0.0000|0.0000|0.0000|0.0000|0.0000|0.1646
afiatbazar.com,https://afiatbazar.com,benign,0.00,0,0.33,0,0.00|0.00|0.00|0.00|0.00|0.00|1.00|0.50|0.00|0.00|0.00|0.00|0.00|0.00|0.00,0.00|0.00|1.00|0.00|0.00|0.00|0.00|0.00|0.00|0.00|0.00|0.00|0.33,0.0000|0.0000|0.0000|0.0000|0.0000|0.0000|0.2683|0.1342|0.0000|0.0000|0.0000|0.0000|0.0000|0.0000|0.0000|0.0000|0.0000|0.6657|0.0000|0.0000|0.0000|0.0000|0.0000|0.0000|0.0000|0.0000|0.0000|0.2164
adlandpro.com,http://adlandpro.com,benign,0.00,0,0.33,0,0.00|0.00|0.00|0.00|0.00|0.00|0.00|0.50|0.00|0.00|0.00|0.00|0.00|0.00|0.00,0.00|0.00|1.00|0.00|0.00|0.00|0.00|0.00|0.00|0.00|0.00|0.00|0.33,0.0000|0.0000|0.0000|0.0000|0.0000|0.0000|0.0000|0.3000|0.0000|0.0000|0.0000|0.0000|0.0000|0.0000|0.0000|0.0000|0.0000|0.6657|0.0000|0.0000|0.0000|0.0000|0.0000|0.0000|0.0000|0.0000|0.0000|0.2164
kantapaikka.net,https://kantapaikka.net,benign,0.00,0,0.30,0,0.00|0.00|0.00|0.00|0.00|0.00|1.00|0.50|0.00|0.00|0.00|0.00|0.00|0.00|0.00,1.00|0.00|0.00|0.00|0.00|0.00|0.00|0.00|0.00|0.00|0.00|0.00|0.30,0.0000|0.0000|0.0000|0.0000|0.0000|0.0000|0.2683|0.1342|0.0000|0.0000|0.0000|0.0000|0.0000|0.0000|0.0000|0.6697|0.0000|0.0000|0.0000|0.0000|0.0000|0.0000|0.0000|0.0000|0.0000|0.0000|0.0000|0.2036
grip6.com,https://grip6.com,benign,0.00,0,0.33,0,0.00|0.00|0.00|0.00|0.00|0.00|1.00|0.50|0.00|0.00|0.00|0.00|0.00|0.00|0.00,0.00|0.00|1.00|0.00|0.00|0.00|0.00|0.00|0.00|0.00|0.00|0.00|0.33,0.0000|0.0000|0.0000|0.0000|0.0000|0.0000|0.2683|0.1342|0.0000|0.0000|0.0000|0.0000|0.0000|0.0000|0.0000|0.0000|0.0000|0.6657|0.0000|0.0000|0.0000|0.0000|0.0000|0.0000|0.0000|0.0000|0.0000|0.2164
gsn.com,https://gsn.com,benign,0.00,0,0.20,0,0.00|0.00|0.00|0.00|0.00|0.00|1.00|0.50|0.00|0.00|0.00|0.00|0.00|0.00|0.00,0.00|0.00|0.00|0.00|0.00|0.00|0.00|0.00|0.00|0.00|0.00|0.00|0.20,0.0000|0.0000|0.0000|0.0000|0.0000|0.0000|0.2683|0.1342|0.0000|0.0000|0.0000|0.0000|0.0000|0.0000|0.0000|0.0000|0.0000|0.0000|0.0000|0.0000|0.0000|0.0000|0.0000|0.0000|0.0000|0.0000|0.0000|0.7000
juicestore.com,https://juicestore.com,benign,0.00,0,0.24,0,0.00|0.00|0.00|0.00|0.00|0.00|1.00|0.50|0.00|0.00|0.00|0.00|0.00|0.00|0.00,0.00|0.00|0.00|0.00|1.00|0.00|0.00|0.00|0.00|0.00|0.00|0.00|0.24,0.0000|0.0000|0.0000|0.0000|0.0000|0.0000|0.2683|0.1342|0.0000|0.0000|0.0000|0.0000|0.0000|0.0000|0.0000|0.0000|0.0000|0.0000|0.0000|0.6804|0.0000|0.0000|0.0000|0.0000|0.0000|0.0000|0.0000|0.1646
4changeenergy.com,https://4changeenergy.com,benign,0.00,0,0.37,0,0.00|0.00|0.00|0.00|0.00|0.00|1.00|0.50|0.00|0.00|0.00|0.00|0.00|0.00|0.00,0.00|0.00|1.00|0.00|1.00|0.00|0.00|0.00|0.00|0.00|0.00|0.00|0.37,0.0000|0.0000|0.0000|0.0000|0.0000|0.0000|0.2683|0.1342|0.0000|0.0000|0.0000|0.0000|0.0000|0.0000|0.0000|0.0000|0.0000|0.4791|0.0000|0.4791|0.0000|0.0000|0.0000|0.0000|0.0000|0.0000|0.0000|0.1758
aeworld.com,https://aeworld.com,benign,0.00,0,0.20,0,0.00|0.00|0.00|0.00|0.00|0.00|1.00|0.50|0.00|0.00|0.00|0.00|0.00|0.00|0.00,0.00|0.00|0.00|0.00|0.00|0.00|0.00|0.00|0.00|0.00|0.00|0.00|0.20,0.0000|0.0000|0.0000|0.0000|0.0000|0.0000|0.2683|0.1342|0.0000|0.0000|0.0000|0.0000|0.0000|0.0000|0.0000|0.0000|0.0000|0.0000|0.0000|0.0000|0.0000|0.0000|0.0000|0.0000|0.0000|0.0000|0.0000|0.7000
afeka.ac.il,https://afeka.ac.il,benign,0.00,0,0.33,0,0.00|0.00|0.00|0.00|0.00|0.00|1.00|0.50|0.00|0.00|0.00|0.00|0.00|0.00|0.00,0.00|0.00|1.00|0.00|0.00|0.00|0.00|0.00|0.00|0.00|0.00|0.00|0.33,0.0000|0.0000|0.0000|0.0000|0.0000|0.0000|0.2683|0.1342|0.0000|0.0000|0.0000|0.0000|0.0000|0.0000|0.0000|0.0000|0.0000|0.6657|0.0000|0.0000|0.0000|0.0000|0.0000|0.0000|0.0000|0.0000|0.0000|0.2164
hattrick-youthclub.org,https://hattrick-youthclub.org,benign,0.00,0,0.20,0,0.00|0.00|0.00|0.00|0.00|0.00|1.00|0.50|0.00|0.00|0.00|0.00|0.00|0.00|0.00,0.00|0.00|0.00|0.00|0.00|0.00|0.00|0.00|0.00|0.00|0.00|0.00|0.20,0.0000|0.0000|0.0000|0.0000|0.0000|0.0000|0.2683|0.1342|0.0000|0.0000|0.0000|0.0000|0.0000|0.0000|0.0000|0.0000|0.0000|0.0000|0.0000|0.0000|0.0000|0.0000|0.0000|0.0000|0.0000|0.0000|0.0000|0.7000
grist.org,https://grist.org,benign,0.00,0,0.33,0,0.00|0.00|0.00|0.00|0.00|0.00|1.00|0.50|0.00|0.00|0.00|0.00|0.00|0.00|0.00,0.00|0.00|1.00|0.00|0.00|0.00|0.00|0.00|0.00|0.00|0.00|0.00|0.33,0.0000|0.0000|0.0000|0.0000|0.0000|0.0000|0.2683|0.1342|0.0000|0.0000|0.0000|0.0000|0.0000|0.0000|0.0000|0.0000|0.0000|0.6657|0.0000|0.0000|0.0000|0.0000|0.0000|0.0000|0.0000|0.0000|0.0000|0.2164
