Site Folder,url,Multimodal_Decision,Image Phish Score,Image_Decision,Text Phish Score,Text_Decision,Image Features,Text Features,Fused Features
hatsandcaps.co.uk,https://hatsandcaps.co.uk,benign,0.0,0,0.2,0,1.00|0.00|0.66|0.00|0.00|0.00|1.00|0.50|0.02|0.00|1.00|0.00|0.00|0.00|0.00,0.00|0.00|0.00|0.00|0.00|0.00|0.00|0.00|0.00|0.00|0.00|0.00|0.20,0.3648|0.0000|0.2398|0.0000|0.0000|0.0000|0.3648|0.1824|0.0056|0.0000|0.3648|0.0000|0.0000|0.0000|0.0000|0.0000|0.0000|0.0000|0.0000|0.0000|0.0000|0.0000|0.0000|0.0000|0.0000|0.0000|0.0000|0.3000
zzperformance.com,https://zzperformance.com,benign,0.0,0,0.24,0,1.00|1.00|0.85|0.00|0.00|0.00|1.00|0.70|0.01|0.00|1.00|0.85|0.00|1.00|0.00,0.00|0.00|0.00|0.00|1.00|0.00|0.00|0.00|0.00|0.00|0.00|0.00|0.24,0.2658|0.2658|0.2259|0.0000|0.0000|0.0000|0.2658|0.1861|0.0013|0.0000|0.2658|0.2259|0.0000|0.2658|0.0000|0.0000|0.0000|0.0000|0.0000|0.2916|0.0000|0.0000|0.0000|0.0000|0.0000|0.0000|0.0000|0.0706
google.co.ke,https://google.co.ke,benign,0.0,0,0.37,0,1.00|1.00|0.96|0.00|1.00|0.00|1.00|0.80|0.00|0.00|0.00|0.00|1.00|1.00|0.00,0.00|0.00|1.00|0.00|1.00|0.00|0.00|0.00|0.00|0.00|0.00|0.00|0.37,0.2547|0.2547|0.2436|0.0000|0.2547|0.0000|0.2547|0.2037|0.0008|0.0000|0.0000|0.0000|0.2547|0.2547|0.0000|0.0000|0.0000|0.2053|0.0000|0.2053|0.0000|0.0000|0.0000|0.0000|0.0000|0.0000|0.0000|0.0754
kannadashaadi.com,https://kannadashaadi.com,benign,0.0,0,0.33,0,1.00|0.00|0.75|0.00|0.00|0.00|1.00|0.50|0.01|0.00|1.00|0.00|0.00|0.00|0.00,0.00|0.00|1.00|0.00|0.00|0.00|0.00|0.00|0.00|0.00|0.00|0.00|0.33,0.3588|0.0000|0.2675|0.0000|0.0000|0.0000|0.3588|0.1794|0.0036|0.0000|0.3588|0.0000|0.0000|0.0000|0.0000|0.0000|0.0000|0.2853|0.0000|0.0000|0.0000|0.0000|0.0000|0.0000|0.0000|0.0000|0.0000|0.0927
ilpiacenza.it,https://ilpiacenza.it,benign,0.0,0,0.2,0,1.00|0.00|0.73|0.00|0.00|0.00|1.00|0.50|0.01|0.00|1.00|0.00|0.00|0.00|0.00,0.00|0.00|0.00|0.00|0.00|0.00|0.00|0.00|0.00|0.00|0.00|0.00|0.20,0.3600|0.0000|0.2622|0.0000|0.0000|0.0000|0.3600|0.1800|0.0019|0.0000|0.3600|0.0000|0.0000|0.0000|0.0000|0.0000|0.0000|0.0000|0.0000|0.0000|0.0000|0.0000|0.0000|0.0000|0.0000|0.0000|0.0000|0.3000
zimabdko.com,https://zimabdko.com,phishing,1.0,1,0.33,0,1.00|1.00|0.85|1.00|1.00|0.00|1.00|0.70|0.01|0.00|1.00|0.85|1.00|0.00|1.00,0.00|0.00|1.00|0.00|0.00|0.00|0.00|0.00|0.00|0.00|0.00|0.00|0.33,0.2221|0.2221|0.1888|0.2221|0.2221|0.0000|0.2221|0.1555|0.0020|0.0000|0.2221|0.1888|0.2221|0.0000|0.2221|0.0000|0.0000|0.2853|0.0000|0.0000|0.0000|0.0000|0.0000|0.0000|0.0000|0.0000|0.0000|0.0927
justfont.com,https://justfont.com,benign,0.0,0,0.2,0,1.00|1.00|0.85|0.00|0.00|0.00|1.00|0.70|0.01|0.00|1.00|0.85|0.00|1.00|0.00,0.00|0.00|0.00|0.00|0.00|0.00|0.00|0.00|0.00|0.00|0.00|0.00|0.20,0.2658|0.2658|0.2259|0.0000|0.0000|0.0000|0.2658|0.1861|0.0021|0.0000|0.2658|0.2259|0.0000|0.2658|0.0000|0.0000|0.0000|0.0000|0.0000|0.0000|0.0000|0.0000|0.0000|0.0000|0.0000|0.0000|0.0000|0.3000
zinus.com,http://zinus.com,benign,0.0,0,0.24,0,1.00|1.00|0.85|0.00|0.00|0.00|0.00|0.70|0.01|0.00|1.00|0.85|0.00|1.00|0.00,0.00|0.00|0.00|0.00|1.00|0.00|0.00|0.00|0.00|0.00|0.00|0.00|0.24,0.2873|0.2873|0.2442|0.0000|0.0000|0.0000|0.0000|0.2011|0.0023|0.0000|0.2873|0.2442|0.0000|0.2873|0.0000|0.0000|0.0000|0.0000|0.0000|0.2916|0.0000|0.0000|0.0000|0.0000|0.0000|0.0000|0.0000|0.0706
iitb.pe.gov.br,https://iitb.pe.gov.br,benign,0.0,0,0.2,0,1.00|0.00|0.63|0.00|0.00|0.00|1.00|0.50|0.01|0.00|1.00|0.00|0.00|0.00|0.00,0.00|0.00|0.00|0.00|0.00|0.00|0.00|0.00|0.00|0.00|0.00|0.00|0.20,0.3668|0.0000|0.2294|0.0000|0.0000|0.0000|0.3668|0.1834|0.0040|0.0000|0.3668|0.0000|0.0000|0.0000|0.0000|0.0000|0.0000|0.0000|0.0000|0.0000|0.0000|0.0000|0.0000|0.0000|0.0000|0.0000|0.0000|0.3000
google.com.cu,https://google.com.cu,benign,0.0,0,0.37,0,1.00|1.00|0.96|0.00|1.00|0.00|1.00|0.80|0.00|0.00|0.00|0.00|1.00|1.00|0.00,0.00|0.00|1.00|0.00|1.00|0.00|0.00|0.00|0.00|0.00|0.00|0.00|0.37,0.2547|0.2547|0.2436|0.0000|0.2547|0.0000|0.2547|0.2037|0.0008|0.0000|0.0000|0.0000|0.2547|0.2547|0.0000|0.0000|0.0000|0.2053|0.0000|0.2053|0.0000|0.0000|0.0000|0.0000|0.0000|0.0000|0.0000|0.0754
google.co.ls,https://google.co.ls,benign,0.0,0,0.37,0,1.00|1.00|0.96|0.00|1.00|0.00|1.00|0.80|0.00|0.00|0.00|0.00|1.00|1.00|0.00,0.00|0.00|1.00|0.00|1.00|0.00|0.00|0.00|0.00|0.00|0.00|0.00|0.37,0.2547|0.2547|0.2436|0.0000|0.2547|0.0000|0.2547|0.2037|0.0008|0.0000|0.0000|0.0000|0.2547|0.2547|0.0000|0.0000|0.0000|0.2053|0.0000|0.2053|0.0000|0.0000|0.0000|0.0000|0.0000|0.0000|0.0000|0.0754
amazon.co.jp,https://amazon.co.jp,benign,0.0,0,0.37,0,0.00|0.00|0.00|0.00|0.00|0.00|1.00|0.50|0.00|0.00|0.00|0.00|0.00|0.00|0.00,0.00|0.00|1.00|0.00|1.00|0.00|0.00|0.00|0.00|0.00|0.00|0.00|0.37,0.0000|0.0000|0.0000|0.0000|0.0000|0.0000|0.2683|0.1342|0.0000|0.0000|0.0000|0.0000|0.0000|0.0000|0.0000|0.0000|0.0000|0.4791|0.0000|0.4791|0.0000|0.0000|0.0000|0.0000|0.0000|0.0000|0.0000|0.1758
google.cg,https://google.cg,benign,0.0,0,0.37,0,1.00|1.00|0.96|0.00|1.00|0.00|1.00|0.80|0.00|0.00|0.00|0.00|1.00|1.00|0.00,0.00|0.00|1.00|0.00|1.00|0.00|0.00|0.00|0.00|0.00|0.00|0.00|0.37,0.2547|0.2547|0.2436|0.0000|0.2547|0.0000|0.2547|0.2037|0.0008|0.0000|0.0000|0.0000|0.2547|0.2547|0.0000|0.0000|0.0000|0.2053|0.0000|0.2053|0.0000|0.0000|0.0000|0.0000|0.0000|0.0000|0.0000|0.0754
kalayabiran.ir,https://kalayabiran.ir,benign,0.0,0,0.2,0,1.00|0.00|0.73|0.00|0.00|0.00|1.00|0.50|0.01|0.00|1.00|0.00|0.00|0.00|0.00,0.00|0.00|0.00|0.00|0.00|0.00|0.00|0.00|0.00|0.00|0.00|0.00|0.20,0.3598|0.0000|0.2633|0.0000|0.0000|0.0000|0.3598|0.1799|0.0020|0.0000|0.3598|0.0000|0.0000|0.0000|0.0000|0.0000|0.0000|0.0000|0.0000|0.0000|0.0000|0.0000|0.0000|0.0000|0.0000|0.0000|0.0000|0.3000
google.bg,https://google.bg,benign,0.0,0,0.37,0,1.00|1.00|0.96|0.00|1.00|0.00|1.00|0.80|0.00|0.00|0.00|0.00|1.00|1.00|0.00,0.00|0.00|1.00|0.00|1.00|0.00|0.00|0.00|0.00|0.00|0.00|0.00|0.37,0.2547|0.2547|0.2436|0.0000|0.2547|0.0000|0.2547|0.2037|0.0008|0.0000|0.0000|0.0000|0.2547|0.2547|0.0000|0.0000|0.0000|0.2053|0.0000|0.2053|0.0000|0.0000|0.0000|0.0000|0.0000|0.0000|0.0000|0.0754
google.com.pk,https://google.com.pk,benign,0.0,0,0.37,0,1.00|1.00|0.96|0.00|1.00|0.00|1.00|0.80|0.00|0.00|0.00|0.00|1.00|1.00|0.00,0.00|0.00|1.00|0.00|1.00|0.00|0.00|0.00|0.00|0.00|0.00|0.00|0.37,0.2547|0.2547|0.2436|0.0000|0.2547|0.0000|0.2547|0.2037|0.0008|0.0000|0.0000|0.0000|0.2547|0.2547|0.0000|0.0000|0.0000|0.2053|0.0000|0.2053|0.0000|0.0000|0.0000|0.0000|0.0000|0.0000|0.0000|0.0754
happydemy.com,http://happydemy.com,benign,0.0,0,0.24,0,0.00|0.00|0.00|0.00|0.00|0.00|0.00|0.50|0.00|0.00|0.00|0.00|0.00|0.00|0.00,0.00|0.00|0.00|0.00|1.00|0.00|0.00|0.00|0.00|0.00|0.00|0.00|0.24,0.0000|0.0000|0.0000|0.0000|0.0000|0.0000|0.0000|0.3000|0.0000|0.0000|0.0000|0.0000|0.0000|0.0000|0.0000|0.0000|0.0000|0.0000|0.0000|0.6804|0.0000|0.0000|0.0000|0.0000|0.0000|0.0000|0.0000|0.1646
zoya.bg,https://zoya.bg,phishing,1.0,1,0.2,0,1.00|1.00|0.85|1.00|1.00|0.00|1.00|0.70|0.00|0.00|1.00|0.85|1.00|0.00|1.00,0.00|0.00|0.00|0.00|0.00|0.00|0.00|0.00|0.00|0.00|0.00|0.00|0.20,0.2221|0.2221|0.1888|0.2221|0.2221|0.0000|0.2221|0.1555|0.0007|0.0000|0.2221|0.1888|0.2221|0.0000|0.2221|0.0000|0.0000|0.0000|0.0000|0.0000|0.0000|0.0000|0.0000|0.0000|0.0000|0.0000|0.0000|0.3000
google.ch,https://google.ch,benign,0.0,0,0.37,0,1.00|1.00|0.96|0.00|1.00|0.00|1.00|0.80|0.00|0.00|0.00|0.00|1.00|1.00|0.00,0.00|0.00|1.00|0.00|1.00|0.00|0.00|0.00|0.00|0.00|0.00|0.00|0.37,0.2547|0.2547|0.2436|0.0000|0.2547|0.0000|0.2547|0.2037|0.0008|0.0000|0.0000|0.0000|0.2547|0.2547|0.0000|0.0000|0.0000|0.2053|0.0000|0.2053|0.0000|0.0000|0.0000|0.0000|0.0000|0.0000|0.0000|0.0754
zonanegativa.com,https://zonanegativa.com,phishing,1.0,1,0.2,0,1.00|1.00|0.85|1.00|1.00|1.00|1.00|0.70|0.03|0.00|1.00|0.85|1.00|0.00|1.00,0.00|0.00|0.00|0.00|0.00|0.00|0.00|0.00|0.00|0.00|0.00|0.00|0.20,0.2117|0.2117|0.1799|0.2117|0.2117|0.2117|0.2117|0.1482|0.0054|0.0000|0.2117|0.1799|0.2117|0.0000|0.2117|0.0000|0.0000|0.0000|0.0000|0.0000|0.0000|0.0000|0.0000|0.0000|0.0000|0.0000|0.0000|0.3000
yelp.it,https://yelp.it,benign,0.0,0,0.24,0,1.00|1.00|0.85|0.00|0.00|0.00|1.00|0.70|0.00|0.00|1.00|0.85|0.00|1.00|0.00,0.00|0.00|0.00|0.00|1.00|0.00|0.00|0.00|0.00|0.00|0.00|0.00|0.24,0.2658|0.2658|0.2259|0.0000|0.0000|0.0000|0.2658|0.1861|0.0007|0.0000|0.2658|0.2259|0.0000|0.2658|0.0000|0.0000|0.0000|0.0000|0.0000|0.2916|0.0000|0.0000|0.0000|0.0000|0.0000|0.0000|0.0000|0.0706
inoreader.com,https://inoreader.com,benign,0.0,0,0.24,0,1.00|0.00|0.68|0.00|0.00|0.00|1.00|0.50|0.01|0.00|1.00|0.00|0.00|0.00|0.00,0.00|0.00|0.00|0.00|1.00|0.00|0.00|0.00|0.00|0.00|0.00|0.00|0.24,0.3631|0.0000|0.2481|0.0000|0.0000|0.0000|0.3631|0.1815|0.0022|0.0000|0.3631|0.0000|0.0000|0.0000|0.0000|0.0000|0.0000|0.0000|0.0000|0.2916|0.0000|0.0000|0.0000|0.0000|0.0000|0.0000|0.0000|0.0706
insanelymac.com,https://insanelymac.com,benign,0.0,0,0.2,0,1.00|0.00|0.68|0.00|0.00|0.00|1.00|0.50|0.02|0.00|1.00|0.00|0.00|0.00|0.00,0.00|0.00|0.00|0.00|0.00|0.00|0.00|0.00|0.00|0.00|0.00|0.00|0.20,0.3635|0.0000|0.2462|0.0000|0.0000|0.0000|0.3635|0.1817|0.0063|0.0000|0.3635|0.0000|0.0000|0.0000|0.0000|0.0000|0.0000|0.0000|0.0000|0.0000|0.0000|0.0000|0.0000|0.0000|0.0000|0.0000|0.0000|0.3000
google.as,https://google.as,benign,0.0,0,0.37,0,1.00|1.00|0.96|0.00|1.00|0.00|1.00|0.80|0.00|0.00|0.00|0.00|1.00|1.00|0.00,0.00|0.00|1.00|0.00|1.00|0.00|0.00|0.00|0.00|0.00|0.00|0.00|0.37,0.2547|0.2547|0.2436|0.0000|0.2547|0.0000|0.2547|0.2037|0.0008|0.0000|0.0000|0.0000|0.2547|0.2547|0.0000|0.0000|0.0000|0.2053|0.0000|0.2053|0.0000|0.0000|0.0000|0.0000|0.0000|0.0000|0.0000|0.0754
google.bt,https://google.bt,benign,0.0,0,0.37,0,1.00|1.00|0.96|0.00|1.00|0.00|1.00|0.80|0.00|0.00|0.00|0.00|1.00|1.00|0.00,0.00|0.00|1.00|0.00|1.00|0.00|0.00|0.00|0.00|0.00|0.00|0.00|0.37,0.2547|0.2547|0.2436|0.0000|0.2547|0.0000|0.2547|0.2037|0.0008|0.0000|0.0000|0.0000|0.2547|0.2547|0.0000|0.0000|0.0000|0.2053|0.0000|0.2053|0.0000|0.0000|0.0000|0.0000|0.0000|0.0000|0.0000|0.0754
google.cf,https://google.cf,benign,0.0,0,0.37,0,1.00|1.00|0.96|0.00|1.00|0.00|1.00|0.80|0.00|0.00|0.00|0.00|1.00|1.00|0.00,0.00|0.00|1.00|0.00|1.00|0.00|0.00|0.00|0.00|0.00|0.00|0.00|0.37,0.2547|0.2547|0.2436|0.0000|0.2547|0.0000|0.2547|0.2037|0.0008|0.0000|0.0000|0.0000|0.2547|0.2547|0.0000|0.0000|0.0000|0.2053|0.0000|0.2053|0.0000|0.0000|0.0000|0.0000|0.0000|0.0000|0.0000|0.0754
kaleostra.biz,https://kaleostra.biz,benign,0.0,0,0.24,0,1.00|0.00|0.69|0.00|0.00|0.00|1.00|0.50|0.00|0.00|1.00|0.00|0.00|0.00|0.00,0.00|0.00|0.00|0.00|1.00|0.00|0.00|0.00|0.00|0.00|0.00|0.00|0.24,0.3630|0.0000|0.2487|0.0000|0.0000|0.0000|0.3630|0.1815|0.0010|0.0000|0.3630|0.0000|0.0000|0.0000|0.0000|0.0000|0.0000|0.0000|0.0000|0.2916|0.0000|0.0000|0.0000|0.0000|0.0000|0.0000|0.0000|0.0706
happysubtitles.com,https://happysubtitles.com,phishing,0.0,0,0.78,1,1.00|0.00|0.65|0.00|0.00|0.00|1.00|0.50|0.00|0.00|1.00|0.00|0.00|0.00|0.00,0.00|0.00|0.00|1.00|1.00|1.00|0.00|0.00|0.00|0.00|0.00|0.00|0.78,0.3650|0.0000|0.2388|0.0000|0.0000|0.0000|0.3650|0.1825|0.0017|0.0000|0.3650|0.0000|0.0000|0.0000|0.0000|0.0000|0.0000|0.0000|0.1578|0.1578|0.1578|0.0000|0.0000|0.0000|0.0000|0.0000|0.0000|0.1236
happywedding.life,https://happywedding.life,benign,0.0,0,0.2,0,1.00|0.00|0.57|0.00|0.00|0.00|1.00|0.50|0.00|0.00|1.00|0.00|0.00|0.00|0.00,0.00|0.00|0.00|0.00|0.00|0.00|0.00|0.00|0.00|0.00|0.00|0.00|0.20,0.3703|0.0000|0.2106|0.0000|0.0000|0.0000|0.3703|0.1852|0.0008|0.0000|0.3703|0.0000|0.0000|0.0000|0.0000|0.0000|0.0000|0.0000|0.0000|0.0000|0.0000|0.0000|0.0000|0.0000|0.0000|0.0000|0.0000|0.3000
yelp.com.au,https://yelp.com.au,benign,0.0,0,0.24,0,1.00|1.00|0.85|0.00|0.00|0.00|1.00|0.70|0.00|0.00|1.00|0.85|0.00|1.00|0.00,0.00|0.00|0.00|0.00|1.00|0.00|0.00|0.00|0.00|0.00|0.00|0.00|0.24,0.2658|0.2658|0.2259|0.0000|0.0000|0.0000|0.2658|0.1861|0.0007|0.0000|0.2658|0.2259|0.0000|0.2658|0.0000|0.0000|0.0000|0.0000|0.0000|0.2916|0.0000|0.0000|0.0000|0.0000|0.0000|0.0000|0.0000|0.0706
juniqe.com,https://juniqe.com,benign,0.0,0,0.24,0,0.00|0.00|0.00|0.00|0.00|0.00|1.00|0.50|0.00|0.00|0.00|0.00|0.00|0.00|0.00,0.00|0.00|0.00|0.00|1.00|0.00|0.00|0.00|0.00|0.00|0.00|0.00|0.24,0.0000|0.0000|0.0000|0.0000|0.0000|0.0000|0.2683|0.1342|0.0000|0.0000|0.0000|0.0000|0.0000|0.0000|0.0000|0.0000|0.0000|0.0000|0.0000|0.6804|0.0000|0.0000|0.0000|0.0000|0.0000|0.0000|0.0000|0.1646
justinguitar.com,https://justinguitar.com,benign,0.0,0,0.24,0,1.00|0.00|0.66|0.00|0.00|0.00|1.00|0.50|0.01|0.00|1.00|0.00|0.00|0.00|0.00,0.00|0.00|0.00|0.00|1.00|0.00|0.00|0.00|0.00|0.00|0.00|0.00|0.24,0.3648|0.0000|0.2398|0.0000|0.0000|0.0000|0.3648|0.1824|0.0024|0.0000|0.3648|0.0000|0.0000|0.0000|0.0000|0.0000|0.0000|0.0000|0.0000|0.2916|0.0000|0.0000|0.0000|0.0000|0.0000|0.0000|0.0000|0.0706
kaksepishe.com,https://kaksepishe.com,benign,0.0,0,0.2,0,1.00|0.00|0.68|0.00|0.00|0.00|1.00|0.50|0.03|0.00|1.00|0.00|0.00|0.00|0.00,0.00|0.00|0.00|0.00|0.00|0.00|0.00|0.00|0.00|0.00|0.00|0.00|0.20,0.3631|0.0000|0.2476|0.0000|0.0000|0.0000|0.3631|0.1816|0.0104|0.0000|0.3631|0.0000|0.0000|0.0000|0.0000|0.0000|0.0000|0.0000|0.0000|0.0000|0.0000|0.0000|0.0000|0.0000|0.0000|0.0000|0.0000|0.3000
ikea.bg,http://ikea.bg,benign,0.0,0,0.24,0,1.00|1.00|0.85|0.00|0.00|0.00|0.00|0.70|0.01|0.00|1.00|0.85|0.00|1.00|0.00,0.00|0.00|0.00|0.00|1.00|0.00|0.00|0.00|0.00|0.00|0.00|0.00|0.24,0.2873|0.2873|0.2442|0.0000|0.0000|0.0000|0.0000|0.2011|0.0022|0.0000|0.2873|0.2442|0.0000|0.2873|0.0000|0.0000|0.0000|0.0000|0.0000|0.2916|0.0000|0.0000|0.0000|0.0000|0.0000|0.0000|0.0000|0.0706
hartenergy.com,http://hartenergy.com,benign,0.0,0,0.33,0,0.00|0.00|0.00|0.00|0.00|0.00|0.00|0.50|0.00|0.00|0.00|0.00|0.00|0.00|0.00,0.00|0.00|1.00|0.00|0.00|0.00|0.00|0.00|0.00|0.00|0.00|0.00|0.33,0.0000|0.0000|0.0000|0.0000|0.0000|0.0000|0.0000|0.3000|0.0000|0.0000|0.0000|0.0000|0.0000|0.0000|0.0000|0.0000|0.0000|0.6657|0.0000|0.0000|0.0000|0.0000|0.0000|0.0000|0.0000|0.0000|0.0000|0.2164
zvukov.com,https://zvukov.com,benign,0.0,0,0.2,0,1.00|0.00|0.65|0.00|0.00|0.00|1.00|0.50|0.01|0.00|1.00|0.00|0.00|0.00|0.00,0.00|0.00|0.00|0.00|0.00|0.00|0.00|0.00|0.00|0.00|0.00|0.00|0.20,0.3654|0.0000|0.2369|0.0000|0.0000|0.0000|0.3654|0.1827|0.0039|0.0000|0.3654|0.0000|0.0000|0.0000|0.0000|0.0000|0.0000|0.0000|0.0000|0.0000|0.0000|0.0000|0.0000|0.0000|0.0000|0.0000|0.0000|0.3000
google.com.pa,https://google.com.pa,benign,0.0,0,0.37,0,1.00|1.00|0.96|0.00|1.00|0.00|1.00|0.80|0.00|0.00|0.00|0.00|1.00|1.00|0.00,0.00|0.00|1.00|0.00|1.00|0.00|0.00|0.00|0.00|0.00|0.00|0.00|0.37,0.2547|0.2547|0.2436|0.0000|0.2547|0.0000|0.2547|0.2037|0.0008|0.0000|0.0000|0.0000|0.2547|0.2547|0.0000|0.0000|0.0000|0.2053|0.0000|0.2053|0.0000|0.0000|0.0000|0.0000|0.0000|0.0000|0.0000|0.0754
zonmaster.com,https://zonmaster.com,benign,0.0,0,0.33,0,1.00|0.00|0.63|0.00|0.00|0.00|1.00|0.50|0.01|0.00|1.00|0.00|0.00|0.00|0.00,0.00|0.00|1.00|0.00|0.00|0.00|0.00|0.00|0.00|0.00|0.00|0.00|0.33,0.3663|0.0000|0.2321|0.0000|0.0000|0.0000|0.3663|0.1832|0.0033|0.0000|0.3663|0.0000|0.0000|0.0000|0.0000|0.0000|0.0000|0.2853|0.0000|0.0000|0.0000|0.0000|0.0000|0.0000|0.0000|0.0000|0.0000|0.0927
instacart.com,https://instacart.com,benign,0.0,0,0.24,0,1.00|1.00|0.85|0.00|0.00|0.00|1.00|0.70|0.00|0.00|1.00|0.85|0.00|1.00|0.00,0.00|0.00|0.00|0.00|1.00|0.00|0.00|0.00|0.00|0.00|0.00|0.00|0.24,0.2658|0.2658|0.2259|0.0000|0.0000|0.0000|0.2658|0.1861|0.0007|0.0000|0.2658|0.2259|0.0000|0.2658|0.0000|0.0000|0.0000|0.0000|0.0000|0.2916|0.0000|0.0000|0.0000|0.0000|0.0000|0.0000|0.0000|0.0706
google.com.pe,https://google.com.pe,benign,0.0,0,0.37,0,1.00|1.00|0.96|0.00|1.00|0.00|1.00|0.80|0.00|0.00|0.00|0.00|1.00|1.00|0.00,0.00|0.00|1.00|0.00|1.00|0.00|0.00|0.00|0.00|0.00|0.00|0.00|0.37,0.2547|0.2547|0.2436|0.0000|0.2547|0.0000|0.2547|0.2037|0.0008|0.0000|0.0000|0.0000|0.2547|0.2547|0.0000|0.0000|0.0000|0.2053|0.0000|0.2053|0.0000|0.0000|0.0000|0.0000|0.0000|0.0000|0.0000|0.0754
google.al,https://google.al,benign,0.0,0,0.37,0,1.00|1.00|0.96|0.00|1.00|0.00|1.00|0.80|0.00|0.00|0.00|0.00|1.00|1.00|0.00,0.00|0.00|1.00|0.00|1.00|0.00|0.00|0.00|0.00|0.00|0.00|0.00|0.37,0.2547|0.2547|0.2436|0.0000|0.2547|0.0000|0.2547|0.2037|0.0008|0.0000|0.0000|0.0000|0.2547|0.2547|0.0000|0.0000|0.0000|0.2053|0.0000|0.2053|0.0000|0.0000|0.0000|0.0000|0.0000|0.0000|0.0000|0.0754
google.com.pg,https://google.com.pg,benign,0.0,0,0.37,0,1.00|1.00|0.96|0.00|1.00|0.00|1.00|0.80|0.00|0.00|0.00|0.00|1.00|1.00|0.00,0.00|0.00|1.00|0.00|1.00|0.00|0.00|0.00|0.00|0.00|0.00|0.00|0.37,0.2547|0.2547|0.2436|0.0000|0.2547|0.0000|0.2547|0.2037|0.0008|0.0000|0.0000|0.0000|0.2547|0.2547|0.0000|0.0000|0.0000|0.2053|0.0000|0.2053|0.0000|0.0000|0.0000|0.0000|0.0000|0.0000|0.0000|0.0754
haraj.com.sa,https://haraj.com.sa,benign,0.0,0,0.35,0,1.00|1.00|0.85|0.00|0.00|0.00|1.00|0.70|0.01|0.00|1.00|0.85|0.00|1.00|0.00,1.00|0.00|0.00|0.00|1.00|0.00|0.00|0.00|0.00|0.00|0.00|0.00|0.35,0.2658|0.2658|0.2259|0.0000|0.0000|0.0000|0.2658|0.1861|0.0024|0.0000|0.2658|0.2259|0.0000|0.2658|0.0000|0.2061|0.0000|0.0000|0.0000|0.2061|0.0000|0.0000|0.0000|0.0000|0.0000|0.0000|0.0000|0.0713
zones.com,http://zones.com,benign,0.0,0,0.24,0,1.00|1.00|0.85|0.00|0.00|0.00|0.00|0.70|0.01|0.00|1.00|0.85|0.00|1.00|0.00,0.00|0.00|0.00|0.00|1.00|0.00|0.00|0.00|0.00|0.00|0.00|0.00|0.24,0.2873|0.2873|0.2442|0.0000|0.0000|0.0000|0.0000|0.2011|0.0016|0.0000|0.2873|0.2442|0.0000|0.2873|0.0000|0.0000|0.0000|0.0000|0.0000|0.2916|0.0000|0.0000|0.0000|0.0000|0.0000|0.0000|0.0000|0.0706
harlander.com,https://harlander.com,phishing,1.0,1,0.24,0,1.00|1.00|0.85|1.00|1.00|0.00|1.00|0.70|0.01|0.00|1.00|0.85|1.00|0.00|1.00,0.00|0.00|0.00|0.00|1.00|0.00|0.00|0.00|0.00|0.00|0.00|0.00|0.24,0.2221|0.2221|0.1888|0.2221|0.2221|0.0000|0.2221|0.1555|0.0033|0.0000|0.2221|0.1888|0.2221|0.0000|0.2221|0.0000|0.0000|0.0000|0.0000|0.2916|0.0000|0.0000|0.0000|0.0000|0.0000|0.0000|0.0000|0.0706
google.cat,https://google.cat,benign,0.0,0,0.37,0,1.00|1.00|0.96|0.00|1.00|0.00|1.00|0.80|0.00|0.00|0.00|0.00|1.00|1.00|0.00,0.00|0.00|1.00|0.00|1.00|0.00|0.00|0.00|0.00|0.00|0.00|0.00|0.37,0.2547|0.2547|0.2436|0.0000|0.2547|0.0000|0.2547|0.2037|0.0008|0.0000|0.0000|0.0000|0.2547|0.2547|0.0000|0.0000|0.0000|0.2053|0.0000|0.2053|0.0000|0.0000|0.0000|0.0000|0.0000|0.0000|0.0000|0.0754
google.com.np,https://google.com.np,benign,0.0,0,0.37,0,1.00|1.00|0.96|0.00|1.00|0.00|1.00|0.80|0.00|0.00|0.00|0.00|1.00|1.00|0.00,0.00|0.00|1.00|0.00|1.00|0.00|0.00|0.00|0.00|0.00|0.00|0.00|0.37,0.2547|0.2547|0.2436|0.0000|0.2547|0.0000|0.2547|0.2037|0.0008|0.0000|0.0000|0.0000|0.2547|0.2547|0.0000|0.0000|0.0000|0.2053|0.0000|0.2053|0.0000|0.0000|0.0000|0.0000|0.0000|0.0000|0.0000|0.0754
haramainsoftware.com,https://haramainsoftware.com,benign,0.0,0,0.37,0,1.00|0.00|0.64|0.00|0.00|0.00|1.00|0.50|0.01|0.00|1.00|0.00|0.00|0.00|0.00,0.00|0.00|1.00|0.00|1.00|0.00|0.00|0.00|0.00|0.00|0.00|0.00|0.37,0.3657|0.0000|0.2355|0.0000|0.0000|0.0000|0.3657|0.1828|0.0025|0.0000|0.3657|0.0000|0.0000|0.0000|0.0000|0.0000|0.0000|0.2053|0.0000|0.2053|0.0000|0.0000|0.0000|0.0000|0.0000|0.0000|0.0000|0.0754
znanje.hr,https://znanje.hr,benign,0.0,0,0.2,0,1.00|1.00|0.85|0.00|0.00|0.00|1.00|0.70|0.00|0.00|1.00|0.85|0.00|1.00|0.00,0.00|0.00|0.00|0.00|0.00|0.00|0.00|0.00|0.00|0.00|0.00|0.00|0.20,0.2658|0.2658|0.2259|0.0000|0.0000|0.0000|0.2658|0.1861|0.0004|0.0000|0.2658|0.2259|0.0000|0.2658|0.0000|0.0000|0.0000|0.0000|0.0000|0.0000|0.0000|0.0000|0.0000|0.0000|0.0000|0.0000|0.0000|0.3000
harmonica.com,https://harmonica.com,benign,0.0,0,0.33,0,1.00|0.00|0.73|0.00|0.00|0.00|1.00|0.50|0.02|0.00|1.00|0.00|0.00|0.00|0.00,0.00|0.00|1.00|0.00|0.00|0.00|0.00|0.00|0.00|0.00|0.00|0.00|0.33,0.3597|0.0000|0.2634|0.0000|0.0000|0.0000|0.3597|0.1799|0.0060|0.0000|0.3597|0.0000|0.0000|0.0000|0.0000|0.0000|0.0000|0.2853|0.0000|0.0000|0.0000|0.0000|0.0000|0.0000|0.0000|0.0000|0.0000|0.0927
hardballshoppen.dk,https://hardballshoppen.dk,phishing,1.0,1,0.2,0,1.00|1.00|0.85|1.00|1.00|0.00|1.00|0.70|0.01|0.00|1.00|0.85|1.00|0.00|1.00,0.00|0.00|0.00|0.00|0.00|0.00|0.00|0.00|0.00|0.00|0.00|0.00|0.20,0.2221|0.2221|0.1888|0.2221|0.2221|0.0000|0.2221|0.1555|0.0025|0.0000|0.2221|0.1888|0.2221|0.0000|0.2221|0.0000|0.0000|0.0000|0.0000|0.0000|0.0000|0.0000|0.0000|0.0000|0.0000|0.0000|0.0000|0.3000
insportline.sk,https://insportline.sk,phishing,1.0,1,0.37,0,1.00|1.00|0.85|1.00|1.00|0.00|1.00|0.70|0.01|0.00|1.00|0.85|1.00|0.00|1.00,0.00|0.00|1.00|0.00|1.00|0.00|0.00|0.00|0.00|0.00|0.00|0.00|0.37,0.2221|0.2221|0.1888|0.2221|0.2221|0.0000|0.2221|0.1555|0.0019|0.0000|0.2221|0.1888|0.2221|0.0000|0.2221|0.0000|0.0000|0.2053|0.0000|0.2053|0.0000|0.0000|0.0000|0.0000|0.0000|0.0000|0.0000|0.0754
amazon.co.uk,https://amazon.co.uk,phishing,1.0,1,0.24,0,1.00|1.00|0.85|1.00|1.00|1.00|1.00|0.70|0.05|0.00|1.00|0.85|1.00|0.00|1.00,0.00|0.00|0.00|0.00|1.00|0.00|0.00|0.00|0.00|0.00|0.00|0.00|0.24,0.2117|0.2117|0.1799|0.2117|0.2117|0.2117|0.2117|0.1482|0.0114|0.0000|0.2117|0.1799|0.2117|0.0000|0.2117|0.0000|0.0000|0.0000|0.0000|0.2916|0.0000|0.0000|0.0000|0.0000|0.0000|0.0000|0.0000|0.0706
juve.de,https://juve.de,benign,0.0,0,0.24,0,1.00|0.00|0.77|0.00|0.00|0.00|1.00|0.50|0.00|0.00|1.00|0.00|0.00|0.00|0.00,0.00|0.00|0.00|0.00|1.00|0.00|0.00|0.00|0.00|0.00|0.00|0.00|0.24,0.3570|0.0000|0.2755|0.0000|0.0000|0.0000|0.3570|0.1785|0.0011|0.0000|0.3570|0.0000|0.0000|0.0000|0.0000|0.0000|0.0000|0.0000|0.0000|0.2916|0.0000|0.0000|0.0000|0.0000|0.0000|0.0000|0.0000|0.0706
jura-online.de,https://jura-online.de,phishing,1.0,1,0.43,0,1.00|1.00|0.85|1.00|1.00|0.00|1.00|0.70|0.01|0.00|1.00|0.85|1.00|0.00|1.00,1.00|0.00|1.00|0.00|0.00|0.00|0.00|0.00|0.00|0.00|0.00|0.00|0.43,0.2221|0.2221|0.1888|0.2221|0.2221|0.0000|0.2221|0.1555|0.0011|0.0000|0.2221|0.1888|0.2221|0.0000|0.2221|0.2030|0.0000|0.2030|0.0000|0.0000|0.0000|0.0000|0.0000|0.0000|0.0000|0.0000|0.0000|0.0871
zootovary.com,https://zootovary.com,benign,0.0,0,0.2,0,1.00|0.00|0.67|0.00|0.00|0.00|1.00|0.50|0.03|0.00|1.00|0.00|0.00|0.00|0.00,0.00|0.00|0.00|0.00|0.00|0.00|0.00|0.00|0.00|0.00|0.00|0.00|0.20,0.3640|0.0000|0.2436|0.0000|0.0000|0.0000|0.3640|0.1820|0.0099|0.0000|0.3640|0.0000|0.0000|0.0000|0.0000|0.0000|0.0000|0.0000|0.0000|0.0000|0.0000|0.0000|0.0000|0.0000|0.0000|0.0000|0.0000|0.3000
worldhealth.net,https://worldhealth.net,benign,0.0,0,0.24,0,0.00|0.00|0.00|0.00|0.00|0.00|1.00|0.50|0.00|0.00|0.00|0.00|0.00|0.00|0.00,0.00|0.00|0.00|0.00|1.00|0.00|0.00|0.00|0.00|0.00|0.00|0.00|0.24,0.0000|0.0000|0.0000|0.0000|0.0000|0.0000|0.2683|0.1342|0.0000|0.0000|0.0000|0.0000|0.0000|0.0000|0.0000|0.0000|0.0000|0.0000|0.0000|0.6804|0.0000|0.0000|0.0000|0.0000|0.0000|0.0000|0.0000|0.1646
google.co.in,https://google.co.in,benign,0.0,0,0.37,0,1.00|1.00|0.96|0.00|1.00|0.00|1.00|0.80|0.00|0.00|0.00|0.00|1.00|1.00|0.00,0.00|0.00|1.00|0.00|1.00|0.00|0.00|0.00|0.00|0.00|0.00|0.00|0.37,0.2547|0.2547|0.2436|0.0000|0.2547|0.0000|0.2547|0.2037|0.0008|0.0000|0.0000|0.0000|0.2547|0.2547|0.0000|0.0000|0.0000|0.2053|0.0000|0.2053|0.0000|0.0000|0.0000|0.0000|0.0000|0.0000|0.0000|0.0754
jvns.ca,https://jvns.ca,benign,0.0,0,0.2,0,1.00|0.00|0.65|0.00|0.00|0.00|1.00|0.50|0.01|0.00|1.00|0.00|0.00|0.00|0.00,0.00|0.00|0.00|0.00|0.00|0.00|0.00|0.00|0.00|0.00|0.00|0.00|0.20,0.3650|0.0000|0.2387|0.0000|0.0000|0.0000|0.3650|0.1825|0.0044|0.0000|0.3650|0.0000|0.0000|0.0000|0.0000|0.0000|0.0000|0.0000|0.0000|0.0000|0.0000|0.0000|0.0000|0.0000|0.0000|0.0000|0.0000|0.3000
instaforum.ru,https://instaforum.ru,benign,0.0,0,0.33,0,1.00|0.00|0.63|0.00|0.00|0.00|1.00|0.50|0.02|0.00|1.00|0.00|0.00|0.00|0.00,0.00|0.00|1.00|0.00|0.00|0.00|0.00|0.00|0.00|0.00|0.00|0.00|0.33,0.3666|0.0000|0.2307|0.0000|0.0000|0.0000|0.3666|0.1833|0.0062|0.0000|0.3666|0.0000|0.0000|0.0000|0.0000|0.0000|0.0000|0.2853|0.0000|0.0000|0.0000|0.0000|0.0000|0.0000|0.0000|0.0000|0.0000|0.0927
kamerpower.com,https://kamerpower.com,benign,0.0,0,0.2,0,0.00|0.00|0.00|0.00|0.00|0.00|1.00|0.50|0.00|0.00|0.00|0.00|0.00|0.00|0.00,0.00|0.00|0.00|0.00|0.00|0.00|0.00|0.00|0.00|0.00|0.00|0.00|0.20,0.0000|0.0000|0.0000|0.0000|0.0000|0.0000|0.2683|0.1342|0.0000|0.0000|0.0000|0.0000|0.0000|0.0000|0.0000|0.0000|0.0000|0.0000|0.0000|0.0000|0.0000|0.0000|0.0000|0.0000|0.0000|0.0000|0.0000|0.7000
innovamag.com,https://innovamag.com,benign,0.0,0,0.33,0,1.00|0.00|0.80|0.00|0.00|0.00|1.00|0.50|0.00|0.00|1.00|0.00|0.00|0.00|0.00,0.00|0.00|1.00|0.00|0.00|0.00|0.00|0.00|0.00|0.00|0.00|0.00|0.33,0.3549|0.0000|0.2839|0.0000|0.0000|0.0000|0.3549|0.1775|0.0017|0.0000|0.3549|0.0000|0.0000|0.0000|0.0000|0.0000|0.0000|0.2853|0.0000|0.0000|0.0000|0.0000|0.0000|0.0000|0.0000|0.0000|0.0000|0.0927
google.com.pr,https://google.com.pr,benign,0.0,0,0.37,0,1.00|1.00|0.96|0.00|1.00|0.00|1.00|0.80|0.00|0.00|0.00|0.00|1.00|1.00|0.00,0.00|0.00|1.00|0.00|1.00|0.00|0.00|0.00|0.00|0.00|0.00|0.00|0.37,0.2547|0.2547|0.2436|0.0000|0.2547|0.0000|0.2547|0.2037|0.0008|0.0000|0.0000|0.0000|0.2547|0.2547|0.0000|0.0000|0.0000|0.2053|0.0000|0.2053|0.0000|0.0000|0.0000|0.0000|0.0000|0.0000|0.0000|0.0754
hardworkandsweat.com,https://hardworkandsweat.com,benign,0.0,0,0.24,0,1.00|0.00|0.66|0.00|0.00|0.00|1.00|0.50|0.00|0.00|1.00|0.00|0.00|0.00|0.00,0.00|0.00|0.00|0.00|1.00|0.00|0.00|0.00|0.00|0.00|0.00|0.00|0.24,0.3647|0.0000|0.2402|0.0000|0.0000|0.0000|0.3647|0.1824|0.0007|0.0000|0.3647|0.0000|0.0000|0.0000|0.0000|0.0000|0.0000|0.0000|0.0000|0.2916|0.0000|0.0000|0.0000|0.0000|0.0000|0.0000|0.0000|0.0706
kampajobs.ch,https://kampajobs.ch,benign,0.0,0,0.2,0,1.00|0.00|0.70|0.00|0.00|0.00|1.00|0.50|0.01|0.00|1.00|0.00|0.00|0.00|0.00,0.00|0.00|0.00|0.00|0.00|0.00|0.00|0.00|0.00|0.00|0.00|0.00|0.20,0.3620|0.0000|0.2529|0.0000|0.0000|0.0000|0.3620|0.1810|0.0053|0.0000|0.3620|0.0000|0.0000|0.0000|0.0000|0.0000|0.0000|0.0000|0.0000|0.0000|0.0000|0.0000|0.0000|0.0000|0.0000|0.0000|0.0000|0.3000
google.com.tj,https://google.com.tj,benign,0.0,0,0.37,0,1.00|1.00|0.96|0.00|1.00|0.00|1.00|0.80|0.00|0.00|0.00|0.00|1.00|1.00|0.00,0.00|0.00|1.00|0.00|1.00|0.00|0.00|0.00|0.00|0.00|0.00|0.00|0.37,0.2547|0.2547|0.2436|0.0000|0.2547|0.0000|0.2547|0.2037|0.0008|0.0000|0.0000|0.0000|0.2547|0.2547|0.0000|0.0000|0.0000|0.2053|0.0000|0.2053|0.0000|0.0000|0.0000|0.0000|0.0000|0.0000|0.0000|0.0754
hardwax.com,https://hardwax.com,benign,0.0,0,0.35,0,1.00|0.00|0.64|0.00|0.00|0.00|1.00|0.50|0.01|0.00|1.00|0.00|0.00|0.00|0.00,1.00|0.00|0.00|0.00|1.00|0.00|0.00|0.00|0.00|0.00|0.00|0.00|0.35,0.3662|0.0000|0.2328|0.0000|0.0000|0.0000|0.3662|0.1831|0.0036|0.0000|0.3662|0.0000|0.0000|0.0000|0.0000|0.2061|0.0000|0.0000|0.0000|0.2061|0.0000|0.0000|0.0000|0.0000|0.0000|0.0000|0.0000|0.0713
google.com.do,https://google.com.do,benign,0.0,0,0.37,0,1.00|1.00|0.96|0.00|1.00|0.00|1.00|0.80|0.00|0.00|0.00|0.00|1.00|1.00|0.00,0.00|0.00|1.00|0.00|1.00|0.00|0.00|0.00|0.00|0.00|0.00|0.00|0.37,0.2547|0.2547|0.2436|0.0000|0.2547|0.0000|0.2547|0.2037|0.0008|0.0000|0.0000|0.0000|0.2547|0.2547|0.0000|0.0000|0.0000|0.2053|0.0000|0.2053|0.0000|0.0000|0.0000|0.0000|0.0000|0.0000|0.0000|0.0754
xhamster.desi,https://xhamster.desi,benign,0.0,0,0.24,0,1.00|0.00|0.71|0.00|0.00|0.00|1.00|0.50|0.01|0.00|1.00|0.00|0.00|0.00|0.00,0.00|0.00|0.00|0.00|1.00|0.00|0.00|0.00|0.00|0.00|0.00|0.00|0.24,0.3615|0.0000|0.2553|0.0000|0.0000|0.0000|0.3615|0.1808|0.0032|0.0000|0.3615|0.0000|0.0000|0.0000|0.0000|0.0000|0.0000|0.0000|0.0000|0.2916|0.0000|0.0000|0.0000|0.0000|0.0000|0.0000|0.0000|0.0706
jurnalweb.com,https://jurnalweb.com,benign,0.0,0,0.2,0,1.00|0.00|0.71|0.00|0.00|0.00|1.00|0.50|0.00|0.00|1.00|0.00|0.00|0.00|0.00,0.00|0.00|0.00|0.00|0.00|0.00|0.00|0.00|0.00|0.00|0.00|0.00|0.20,0.3616|0.0000|0.2552|0.0000|0.0000|0.0000|0.3616|0.1808|0.0013|0.0000|0.3616|0.0000|0.0000|0.0000|0.0000|0.0000|0.0000|0.0000|0.0000|0.0000|0.0000|0.0000|0.0000|0.0000|0.0000|0.0000|0.0000|0.3000
kang.it,https://kang.it,benign,0.0,0,0.24,0,1.00|0.00|0.64|0.00|0.00|0.00|1.00|0.50|0.00|0.00|1.00|0.00|0.00|0.00|0.00,0.00|0.00|0.00|0.00|1.00|0.00|0.00|0.00|0.00|0.00|0.00|0.00|0.24,0.3661|0.0000|0.2330|0.0000|0.0000|0.0000|0.3661|0.1831|0.0004|0.0000|0.3661|0.0000|0.0000|0.0000|0.0000|0.0000|0.0000|0.0000|0.0000|0.2916|0.0000|0.0000|0.0000|0.0000|0.0000|0.0000|0.0000|0.0706
just-drinks.com,https://just-drinks.com,benign,0.0,0,0.2,0,1.00|0.00|0.65|0.00|0.00|0.00|1.00|0.50|0.00|0.00|1.00|0.00|0.00|0.00|0.00,0.00|0.00|0.00|0.00|0.00|0.00|0.00|0.00|0.00|0.00|0.00|0.00|0.20,0.3655|0.0000|0.2364|0.0000|0.0000|0.0000|0.3655|0.1827|0.0012|0.0000|0.3655|0.0000|0.0000|0.0000|0.0000|0.0000|0.0000|0.0000|0.0000|0.0000|0.0000|0.0000|0.0000|0.0000|0.0000|0.0000|0.0000|0.3000
juno.co.uk,https://juno.co.uk,phishing,1.0,1,0.24,0,1.00|1.00|0.85|1.00|1.00|0.00|1.00|0.70|0.00|0.00|1.00|0.85|1.00|0.00|1.00,0.00|0.00|0.00|0.00|1.00|0.00|0.00|0.00|0.00|0.00|0.00|0.00|0.24,0.2221|0.2221|0.1888|0.2221|0.2221|0.0000|0.2221|0.1555|0.0007|0.0000|0.2221|0.1888|0.2221|0.0000|0.2221|0.0000|0.0000|0.0000|0.0000|0.2916|0.0000|0.0000|0.0000|0.0000|0.0000|0.0000|0.0000|0.0706
faceyourmanga.com,https://faceyourmanga.com,benign,0.0,0,0.24,0,1.00|0.00|0.65|0.00|0.00|0.00|1.00|0.50|0.01|0.00|1.00|0.00|0.00|0.00|0.00,0.00|0.00|0.00|0.00|1.00|0.00|0.00|0.00|0.00|0.00|0.00|0.00|0.24,0.3653|0.0000|0.2374|0.0000|0.0000|0.0000|0.3653|0.1826|0.0025|0.0000|0.3653|0.0000|0.0000|0.0000|0.0000|0.0000|0.0000|0.0000|0.0000|0.2916|0.0000|0.0000|0.0000|0.0000|0.0000|0.0000|0.0000|0.0706
instaling.pl,https://instaling.pl,benign,0.0,0,0.37,0,1.00|0.00|0.75|0.00|0.00|0.00|1.00|0.50|0.02|0.00|1.00|0.00|0.00|0.00|0.00,0.00|0.00|1.00|0.00|1.00|0.00|0.00|0.00|0.00|0.00|0.00|0.00|0.37,0.3582|0.0000|0.2701|0.0000|0.0000|0.0000|0.3582|0.1791|0.0061|0.0000|0.3582|0.0000|0.0000|0.0000|0.0000|0.0000|0.0000|0.2053|0.0000|0.2053|0.0000|0.0000|0.0000|0.0000|0.0000|0.0000|0.0000|0.0754
insightsactivelearn.com,https://insightsactivelearn.com,benign,0.0,0,0.2,0,1.00|0.00|0.66|0.00|0.00|0.00|1.00|0.50|0.01|0.00|1.00|0.00|0.00|0.00|0.00,0.00|0.00|0.00|0.00|0.00|0.00|0.00|0.00|0.00|0.00|0.00|0.00|0.20,0.3643|0.0000|0.2422|0.0000|0.0000|0.0000|0.3643|0.1821|0.0032|0.0000|0.3643|0.0000|0.0000|0.0000|0.0000|0.0000|0.0000|0.0000|0.0000|0.0000|0.0000|0.0000|0.0000|0.0000|0.0000|0.0000|0.0000|0.3000
zurich.com.hk,http://zurich.com.hk,benign,0.0,0,0.24,0,1.00|1.00|0.85|0.00|0.00|0.00|0.00|0.70|0.00|0.00|1.00|0.85|0.00|1.00|0.00,0.00|0.00|0.00|0.00|1.00|0.00|0.00|0.00|0.00|0.00|0.00|0.00|0.24,0.2873|0.2873|0.2442|0.0000|0.0000|0.0000|0.0000|0.2011|0.0014|0.0000|0.2873|0.2442|0.0000|0.2873|0.0000|0.0000|0.0000|0.0000|0.0000|0.2916|0.0000|0.0000|0.0000|0.0000|0.0000|0.0000|0.0000|0.0706
google.com.kw,https://google.com.kw,benign,0.0,0,0.37,0,1.00|1.00|0.96|0.00|1.00|0.00|1.00|0.80|0.00|0.00|0.00|0.00|1.00|1.00|0.00,0.00|0.00|1.00|0.00|1.00|0.00|0.00|0.00|0.00|0.00|0.00|0.00|0.37,0.2547|0.2547|0.2436|0.0000|0.2547|0.0000|0.2547|0.2037|0.0008|0.0000|0.0000|0.0000|0.2547|0.2547|0.0000|0.0000|0.0000|0.2053|0.0000|0.2053|0.0000|0.0000|0.0000|0.0000|0.0000|0.0000|0.0000|0.0754
zutec.com,https://zutec.com,phishing,1.0,1,0.24,0,1.00|1.00|0.85|1.00|1.00|1.00|1.00|0.70|0.19|0.00|1.00|0.85|1.00|0.00|1.00,0.00|0.00|0.00|0.00|1.00|0.00|0.00|0.00|0.00|0.00|0.00|0.00|0.24,0.2113|0.2113|0.1796|0.2113|0.2113|0.2113|0.2113|0.1479|0.0409|0.0000|0.2113|0.1796|0.2113|0.0000|0.2113|0.0000|0.0000|0.0000|0.0000|0.2916|0.0000|0.0000|0.0000|0.0000|0.0000|0.0000|0.0000|0.0706
google.cm,https://google.cm,benign,0.0,0,0.37,0,1.00|1.00|0.96|0.00|1.00|0.00|1.00|0.80|0.00|0.00|0.00|0.00|1.00|1.00|0.00,0.00|0.00|1.00|0.00|1.00|0.00|0.00|0.00|0.00|0.00|0.00|0.00|0.37,0.2547|0.2547|0.2436|0.0000|0.2547|0.0000|0.2547|0.2037|0.0008|0.0000|0.0000|0.0000|0.2547|0.2547|0.0000|0.0000|0.0000|0.2053|0.0000|0.2053|0.0000|0.0000|0.0000|0.0000|0.0000|0.0000|0.0000|0.0754
google.az,https://google.az,benign,0.0,0,0.37,0,1.00|1.00|0.96|0.00|1.00|0.00|1.00|0.80|0.00|0.00|0.00|0.00|1.00|1.00|0.00,0.00|0.00|1.00|0.00|1.00|0.00|0.00|0.00|0.00|0.00|0.00|0.00|0.37,0.2547|0.2547|0.2436|0.0000|0.2547|0.0000|0.2547|0.2037|0.0008|0.0000|0.0000|0.0000|0.2547|0.2547|0.0000|0.0000|0.0000|0.2053|0.0000|0.2053|0.0000|0.0000|0.0000|0.0000|0.0000|0.0000|0.0000|0.0754
google.bj,https://google.bj,benign,0.0,0,0.37,0,1.00|1.00|0.96|0.00|1.00|0.00|1.00|0.80|0.00|0.00|0.00|0.00|1.00|1.00|0.00,0.00|0.00|1.00|0.00|1.00|0.00|0.00|0.00|0.00|0.00|0.00|0.00|0.37,0.2547|0.2547|0.2436|0.0000|0.2547|0.0000|0.2547|0.2037|0.0008|0.0000|0.0000|0.0000|0.2547|0.2547|0.0000|0.0000|0.0000|0.2053|0.0000|0.2053|0.0000|0.0000|0.0000|0.0000|0.0000|0.0000|0.0000|0.0754
google.com.mt,https://google.com.mt,benign,0.0,0,0.37,0,1.00|1.00|0.96|0.00|1.00|0.00|1.00|0.80|0.00|0.00|0.00|0.00|1.00|1.00|0.00,0.00|0.00|1.00|0.00|1.00|0.00|0.00|0.00|0.00|0.00|0.00|0.00|0.37,0.2547|0.2547|0.2436|0.0000|0.2547|0.0000|0.2547|0.2037|0.0008|0.0000|0.0000|0.0000|0.2547|0.2547|0.0000|0.0000|0.0000|0.2053|0.0000|0.2053|0.0000|0.0000|0.0000|0.0000|0.0000|0.0000|0.0000|0.0754
ilfordphoto.com,https://ilfordphoto.com,phishing,1.0,1,0.24,0,1.00|1.00|0.85|1.00|1.00|0.00|1.00|0.70|0.01|0.00|1.00|0.85|1.00|0.00|1.00,0.00|0.00|0.00|0.00|1.00|0.00|0.00|0.00|0.00|0.00|0.00|0.00|0.24,0.2221|0.2221|0.1888|0.2221|0.2221|0.0000|0.2221|0.1555|0.0019|0.0000|0.2221|0.1888|0.2221|0.0000|0.2221|0.0000|0.0000|0.0000|0.0000|0.2916|0.0000|0.0000|0.0000|0.0000|0.0000|0.0000|0.0000|0.0706
google.com.sg,https://google.com.sg,benign,0.0,0,0.37,0,1.00|1.00|0.96|0.00|1.00|0.00|1.00|0.80|0.00|0.00|0.00|0.00|1.00|1.00|0.00,0.00|0.00|1.00|0.00|1.00|0.00|0.00|0.00|0.00|0.00|0.00|0.00|0.37,0.2547|0.2547|0.2436|0.0000|0.2547|0.0000|0.2547|0.2037|0.0008|0.0000|0.0000|0.0000|0.2547|0.2547|0.0000|0.0000|0.0000|0.2053|0.0000|0.2053|0.0000|0.0000|0.0000|0.0000|0.0000|0.0000|0.0000|0.0754
google.com.mm,https://google.com.mm,benign,0.0,0,0.37,0,1.00|1.00|0.96|0.00|1.00|0.00|1.00|0.80|0.00|0.00|0.00|0.00|1.00|1.00|0.00,0.00|0.00|1.00|0.00|1.00|0.00|0.00|0.00|0.00|0.00|0.00|0.00|0.37,0.2547|0.2547|0.2436|0.0000|0.2547|0.0000|0.2547|0.2037|0.0008|0.0000|0.0000|0.0000|0.2547|0.2547|0.0000|0.0000|0.0000|0.2053|0.0000|0.2053|0.0000|0.0000|0.0000|0.0000|0.0000|0.0000|0.0000|0.0754
iittala.com,http://iittala.com,benign,0.0,0,0.24,0,0.00|0.00|0.00|0.00|0.00|0.00|0.00|0.50|0.00|0.00|0.00|0.00|0.00|0.00|0.00,0.00|0.00|0.00|0.00|1.00|0.00|0.00|0.00|0.00|0.00|0.00|0.00|0.24,0.0000|0.0000|0.0000|0.0000|0.0000|0.0000|0.0000|0.3000|0.0000|0.0000|0.0000|0.0000|0.0000|0.0000|0.0000|0.0000|0.0000|0.0000|0.0000|0.6804|0.0000|0.0000|0.0000|0.0000|0.0000|0.0000|0.0000|0.1646
haulix.com,https://haulix.com,benign,0.0,0,0.24,0,1.00|1.00|0.85|0.00|0.00|0.00|1.00|0.70|0.00|0.00|1.00|0.85|0.00|1.00|0.00,0.00|0.00|0.00|0.00|1.00|0.00|0.00|0.00|0.00|0.00|0.00|0.00|0.24,0.2658|0.2658|0.2259|0.0000|0.0000|0.0000|0.2658|0.1861|0.0011|0.0000|0.2658|0.2259|0.0000|0.2658|0.0000|0.0000|0.0000|0.0000|0.0000|0.2916|0.0000|0.0000|0.0000|0.0000|0.0000|0.0000|0.0000|0.0706
google.com.uy,https://google.com.uy,benign,0.0,0,0.37,0,1.00|1.00|0.96|0.00|1.00|0.00|1.00|0.80|0.00|0.00|0.00|0.00|1.00|1.00|0.00,0.00|0.00|1.00|0.00|1.00|0.00|0.00|0.00|0.00|0.00|0.00|0.00|0.37,0.2547|0.2547|0.2436|0.0000|0.2547|0.0000|0.2547|0.2037|0.0008|0.0000|0.0000|0.0000|0.2547|0.2547|0.0000|0.0000|0.0000|0.2053|0.0000|0.2053|0.0000|0.0000|0.0000|0.0000|0.0000|0.0000|0.0000|0.0754
google.com.et,https://google.com.et,benign,0.0,0,0.37,0,1.00|1.00|0.96|0.00|1.00|0.00|1.00|0.80|0.00|0.00|0.00|0.00|1.00|1.00|0.00,0.00|0.00|1.00|0.00|1.00|0.00|0.00|0.00|0.00|0.00|0.00|0.00|0.37,0.2547|0.2547|0.2436|0.0000|0.2547|0.0000|0.2547|0.2037|0.0008|0.0000|0.0000|0.0000|0.2547|0.2547|0.0000|0.0000|0.0000|0.2053|0.0000|0.2053|0.0000|0.0000|0.0000|0.0000|0.0000|0.0000|0.0000|0.0754
wordmint.com,https://wordmint.com,phishing,1.0,1,0.35,0,1.00|1.00|0.85|1.00|1.00|0.00|1.00|0.70|0.01|0.00|1.00|0.85|1.00|0.00|1.00,1.00|0.00|0.00|0.00|1.00|0.00|0.00|0.00|0.00|0.00|0.00|0.00|0.35,0.2221|0.2221|0.1888|0.2221|0.2221|0.0000|0.2221|0.1555|0.0012|0.0000|0.2221|0.1888|0.2221|0.0000|0.2221|0.2061|0.0000|0.0000|0.0000|0.2061|0.0000|0.0000|0.0000|0.0000|0.0000|0.0000|0.0000|0.0713
jwplayer.com,https://jwplayer.com,benign,0.0,0,0.24,0,0.00|0.00|0.00|0.00|0.00|0.00|1.00|0.50|0.00|0.00|0.00|0.00|0.00|0.00|0.00,0.00|0.00|0.00|0.00|1.00|0.00|0.00|0.00|0.00|0.00|0.00|0.00|0.24,0.0000|0.0000|0.0000|0.0000|0.0000|0.0000|0.2683|0.1342|0.0000|0.0000|0.0000|0.0000|0.0000|0.0000|0.0000|0.0000|0.0000|0.0000|0.0000|0.6804|0.0000|0.0000|0.0000|0.0000|0.0000|0.0000|0.0000|0.1646
ikea.com.cy,http://ikea.com.cy,benign,0.0,0,0.24,0,1.00|1.00|0.85|0.00|0.00|0.00|0.00|0.70|0.01|0.00|1.00|0.85|0.00|1.00|0.00,0.00|0.00|0.00|0.00|1.00|0.00|0.00|0.00|0.00|0.00|0.00|0.00|0.24,0.2873|0.2873|0.2442|0.0000|0.0000|0.0000|0.0000|0.2011|0.0022|0.0000|0.2873|0.2442|0.0000|0.2873|0.0000|0.0000|0.0000|0.0000|0.0000|0.2916|0.0000|0.0000|0.0000|0.0000|0.0000|0.0000|0.0000|0.0706
google.com.kh,https://google.com.kh,benign,0.0,0,0.37,0,1.00|1.00|0.96|0.00|1.00|0.00|1.00|0.80|0.00|0.00|0.00|0.00|1.00|1.00|0.00,0.00|0.00|1.00|0.00|1.00|0.00|0.00|0.00|0.00|0.00|0.00|0.00|0.37,0.2547|0.2547|0.2436|0.0000|0.2547|0.0000|0.2547|0.2037|0.0008|0.0000|0.0000|0.0000|0.2547|0.2547|0.0000|0.0000|0.0000|0.2053|0.0000|0.2053|0.0000|0.0000|0.0000|0.0000|0.0000|0.0000|0.0000|0.0754
kanbanflow.com,https://kanbanflow.com,benign,0.0,0,0.24,0,1.00|1.00|0.85|0.00|0.00|0.00|1.00|0.70|0.01|0.00|1.00|0.85|0.00|1.00|0.00,0.00|0.00|0.00|0.00|1.00|0.00|0.00|0.00|0.00|0.00|0.00|0.00|0.24,0.2658|0.2658|0.2259|0.0000|0.0000|0.0000|0.2658|0.1861|0.0029|0.0000|0.2658|0.2259|0.0000|0.2658|0.0000|0.0000|0.0000|0.0000|0.0000|0.2916|0.0000|0.0000|0.0000|0.0000|0.0000|0.0000|0.0000|0.0706
google.com.ni,https://google.com.ni,benign,0.0,0,0.37,0,1.00|1.00|0.96|0.00|1.00|0.00|1.00|0.80|0.00|0.00|0.00|0.00|1.00|1.00|0.00,0.00|0.00|1.00|0.00|1.00|0.00|0.00|0.00|0.00|0.00|0.00|0.00|0.37,0.2547|0.2547|0.2436|0.0000|0.2547|0.0000|0.2547|0.2037|0.0008|0.0000|0.0000|0.0000|0.2547|0.2547|0.0000|0.0000|0.0000|0.2053|0.0000|0.2053|0.0000|0.0000|0.0000|0.0000|0.0000|0.0000|0.0000|0.0754
illinoisheartland.org,https://illinoisheartland.org,benign,0.0,0,0.2,0,1.00|0.00|0.67|0.00|0.00|0.00|1.00|0.50|0.02|0.00|1.00|0.00|0.00|0.00|0.00,0.00|0.00|0.00|0.00|0.00|0.00|0.00|0.00|0.00|0.00|0.00|0.00|0.20,0.3638|0.0000|0.2443|0.0000|0.0000|0.0000|0.3638|0.1819|0.0083|0.0000|0.3638|0.0000|0.0000|0.0000|0.0000|0.0000|0.0000|0.0000|0.0000|0.0000|0.0000|0.0000|0.0000|0.0000|0.0000|0.0000|0.0000|0.3000
harvardgenerator.com,https://harvardgenerator.com,benign,0.6,0,0.24,0,1.00|1.00|0.85|1.00|0.00|0.00|1.00|0.70|0.02|0.00|1.00|0.85|0.00|0.00|0.60,0.00|0.00|0.00|0.00|1.00|0.00|0.00|0.00|0.00|0.00|0.00|0.00|0.24,0.2592|0.2592|0.2203|0.2592|0.0000|0.0000|0.2592|0.1814|0.0042|0.0000|0.2592|0.2203|0.0000|0.0000|0.1555|0.0000|0.0000|0.0000|0.0000|0.2916|0.0000|0.0000|0.0000|0.0000|0.0000|0.0000|0.0000|0.0706
hardeck.de,https://hardeck.de,benign,0.0,0,0.24,0,1.00|1.00|0.85|0.00|0.00|0.00|1.00|0.70|0.00|0.00|1.00|0.85|0.00|1.00|0.00,0.00|0.00|0.00|0.00|1.00|0.00|0.00|0.00|0.00|0.00|0.00|0.00|0.24,0.2658|0.2658|0.2259|0.0000|0.0000|0.0000|0.2658|0.1861|0.0010|0.0000|0.2658|0.2259|0.0000|0.2658|0.0000|0.0000|0.0000|0.0000|0.0000|0.2916|0.0000|0.0000|0.0000|0.0000|0.0000|0.0000|0.0000|0.0706
inspirock.com,https://inspirock.com,benign,0.0,0,0.2,0,0.00|0.00|0.00|0.00|0.00|0.00|1.00|0.50|0.00|0.00|0.00|0.00|0.00|0.00|0.00,0.00|0.00|0.00|0.00|0.00|0.00|0.00|0.00|0.00|0.00|0.00|0.00|0.20,0.0000|0.0000|0.0000|0.0000|0.0000|0.0000|0.2683|0.1342|0.0000|0.0000|0.0000|0.0000|0.0000|0.0000|0.0000|0.0000|0.0000|0.0000|0.0000|0.0000|0.0000|0.0000|0.0000|0.0000|0.0000|0.0000|0.0000|0.7000
ilcittadino.it,http://ilcittadino.it,benign,0.0,0,0.33,0,1.00|0.00|0.72|0.00|0.00|0.00|0.00|0.50|0.02|0.00|1.00|0.00|0.00|0.00|0.00,0.00|0.00|1.00|0.00|0.00|0.00|0.00|0.00|0.00|0.00|0.00|0.00|0.33,0.4207|0.0000|0.3028|0.0000|0.0000|0.0000|0.0000|0.2104|0.0080|0.0000|0.4207|0.0000|0.0000|0.0000|0.0000|0.0000|0.0000|0.2853|0.0000|0.0000|0.0000|0.0000|0.0000|0.0000|0.0000|0.0000|0.0000|0.0927
google.com.tw,https://google.com.tw,benign,0.0,0,0.37,0,1.00|1.00|0.96|0.00|1.00|0.00|1.00|0.80|0.00|0.00|0.00|0.00|1.00|1.00|0.00,0.00|0.00|1.00|0.00|1.00|0.00|0.00|0.00|0.00|0.00|0.00|0.00|0.37,0.2547|0.2547|0.2436|0.0000|0.2547|0.0000|0.2547|0.2037|0.0008|0.0000|0.0000|0.0000|0.2547|0.2547|0.0000|0.0000|0.0000|0.2053|0.0000|0.2053|0.0000|0.0000|0.0000|0.0000|0.0000|0.0000|0.0000|0.0754
google.co.nz,https://google.co.nz,benign,0.0,0,0.37,0,1.00|1.00|0.96|0.00|1.00|0.00|1.00|0.80|0.00|0.00|0.00|0.00|1.00|1.00|0.00,0.00|0.00|1.00|0.00|1.00|0.00|0.00|0.00|0.00|0.00|0.00|0.00|0.37,0.2547|0.2547|0.2436|0.0000|0.2547|0.0000|0.2547|0.2037|0.0008|0.0000|0.0000|0.0000|0.2547|0.2547|0.0000|0.0000|0.0000|0.2053|0.0000|0.2053|0.0000|0.0000|0.0000|0.0000|0.0000|0.0000|0.0000|0.0754
insideradio.com,https://insideradio.com,benign,0.0,0,0.2,0,1.00|0.00|0.72|0.00|0.00|0.00|1.00|0.50|0.03|0.00|1.00|0.00|0.00|0.00|0.00,0.00|0.00|0.00|0.00|0.00|0.00|0.00|0.00|0.00|0.00|0.00|0.00|0.20,0.3604|0.0000|0.2604|0.0000|0.0000|0.0000|0.3604|0.1802|0.0092|0.0000|0.3604|0.0000|0.0000|0.0000|0.0000|0.0000|0.0000|0.0000|0.0000|0.0000|0.0000|0.0000|0.0000|0.0000|0.0000|0.0000|0.0000|0.3000
insidenova.com,https://insidenova.com,benign,0.0,0,0.2,0,1.00|0.00|0.71|0.00|0.00|0.00|1.00|0.50|0.00|0.00|1.00|0.00|0.00|0.00|0.00,0.00|0.00|0.00|0.00|0.00|0.00|0.00|0.00|0.00|0.00|0.00|0.00|0.20,0.3615|0.0000|0.2557|0.0000|0.0000|0.0000|0.3615|0.1807|0.0013|0.0000|0.3615|0.0000|0.0000|0.0000|0.0000|0.0000|0.0000|0.0000|0.0000|0.0000|0.0000|0.0000|0.0000|0.0000|0.0000|0.0000|0.0000|0.3000
zmescience.com,http://zmescience.com,benign,0.0,0,0.33,0,1.00|0.00|0.71|0.00|0.00|0.00|0.00|0.50|0.00|0.00|1.00|0.00|0.00|0.00|0.00,0.00|0.00|1.00|0.00|0.00|0.00|0.00|0.00|0.00|0.00|0.00|0.00|0.33,0.4213|0.0000|0.3011|0.0000|0.0000|0.0000|0.0000|0.2106|0.0008|0.0000|0.4213|0.0000|0.0000|0.0000|0.0000|0.0000|0.0000|0.2853|0.0000|0.0000|0.0000|0.0000|0.0000|0.0000|0.0000|0.0000|0.0000|0.0927
iliasnet.de,https://iliasnet.de,benign,0.0,0,0.2,0,1.00|1.00|0.85|0.00|0.00|0.00|1.00|0.70|0.01|0.00|1.00|0.85|0.00|1.00|0.00,0.00|0.00|0.00|0.00|0.00|0.00|0.00|0.00|0.00|0.00|0.00|0.00|0.20,0.2658|0.2658|0.2259|0.0000|0.0000|0.0000|0.2658|0.1861|0.0020|0.0000|0.2658|0.2259|0.0000|0.2658|0.0000|0.0000|0.0000|0.0000|0.0000|0.0000|0.0000|0.0000|0.0000|0.0000|0.0000|0.0000|0.0000|0.3000
google.ba,https://google.ba,benign,0.0,0,0.37,0,1.00|1.00|0.96|0.00|1.00|0.00|1.00|0.80|0.00|0.00|0.00|0.00|1.00|1.00|0.00,0.00|0.00|1.00|0.00|1.00|0.00|0.00|0.00|0.00|0.00|0.00|0.00|0.37,0.2547|0.2547|0.2436|0.0000|0.2547|0.0000|0.2547|0.2037|0.0008|0.0000|0.0000|0.0000|0.2547|0.2547|0.0000|0.0000|0.0000|0.2053|0.0000|0.2053|0.0000|0.0000|0.0000|0.0000|0.0000|0.0000|0.0000|0.0754
juniorscheesecake.com,http://juniorscheesecake.com,phishing,1.0,1,0.33,0,1.00|1.00|0.85|1.00|1.00|0.00|0.00|0.70|0.02|0.00|1.00|0.85|1.00|0.00|1.00,0.00|0.00|1.00|0.00|0.00|0.00|0.00|0.00|0.00|0.00|0.00|0.00|0.33,0.2342|0.2342|0.1991|0.2342|0.2342|0.0000|0.0000|0.1639|0.0038|0.0000|0.2342|0.1991|0.2342|0.0000|0.2342|0.0000|0.0000|0.2853|0.0000|0.0000|0.0000|0.0000|0.0000|0.0000|0.0000|0.0000|0.0000|0.0927
amazon.in,https://amazon.in,benign,0.0,0,0.37,0,1.00|1.00|0.99|0.00|1.00|0.00|1.00|0.80|0.01|0.00|0.00|0.00|1.00|1.00|0.00,0.00|0.00|1.00|0.00|1.00|0.00|0.00|0.00|0.00|0.00|0.00|0.00|0.37,0.2537|0.2537|0.2504|0.0000|0.2537|0.0000|0.2537|0.2029|0.0014|0.0000|0.0000|0.0000|0.2537|0.2537|0.0000|0.0000|0.0000|0.2053|0.0000|0.2053|0.0000|0.0000|0.0000|0.0000|0.0000|0.0000|0.0000|0.0754
google.com.na,https://google.com.na,benign,0.0,0,0.37,0,1.00|1.00|0.96|0.00|1.00|0.00|1.00|0.80|0.00|0.00|0.00|0.00|1.00|1.00|0.00,0.00|0.00|1.00|0.00|1.00|0.00|0.00|0.00|0.00|0.00|0.00|0.00|0.37,0.2547|0.2547|0.2436|0.0000|0.2547|0.0000|0.2547|0.2037|0.0008|0.0000|0.0000|0.0000|0.2547|0.2547|0.0000|0.0000|0.0000|0.2053|0.0000|0.2053|0.0000|0.0000|0.0000|0.0000|0.0000|0.0000|0.0000|0.0754
google.cl,https://google.cl,benign,0.0,0,0.37,0,1.00|1.00|0.96|0.00|1.00|0.00|1.00|0.80|0.00|0.00|0.00|0.00|1.00|1.00|0.00,0.00|0.00|1.00|0.00|1.00|0.00|0.00|0.00|0.00|0.00|0.00|0.00|0.37,0.2547|0.2547|0.2436|0.0000|0.2547|0.0000|0.2547|0.2037|0.0008|0.0000|0.0000|0.0000|0.2547|0.2547|0.0000|0.0000|0.0000|0.2053|0.0000|0.2053|0.0000|0.0000|0.0000|0.0000|0.0000|0.0000|0.0000|0.0754
justsomething.co,https://justsomething.co,benign,0.0,0,0.2,0,1.00|0.00|0.66|0.00|0.00|0.00|1.00|0.50|0.01|0.00|1.00|0.00|0.00|0.00|0.00,0.00|0.00|0.00|0.00|0.00|0.00|0.00|0.00|0.00|0.00|0.00|0.00|0.20,0.3644|0.0000|0.2415|0.0000|0.0000|0.0000|0.3644|0.1822|0.0021|0.0000|0.3644|0.0000|0.0000|0.0000|0.0000|0.0000|0.0000|0.0000|0.0000|0.0000|0.0000|0.0000|0.0000|0.0000|0.0000|0.0000|0.0000|0.3000
hareruyamtg.com,https://hareruyamtg.com,phishing,1.0,1,0.2,0,1.00|1.00|0.85|1.00|1.00|0.00|1.00|0.70|0.01|0.00|1.00|0.85|1.00|0.00|1.00,0.00|0.00|0.00|0.00|0.00|0.00|0.00|0.00|0.00|0.00|0.00|0.00|0.20,0.2221|0.2221|0.1888|0.2221|0.2221|0.0000|0.2221|0.1555|0.0021|0.0000|0.2221|0.1888|0.2221|0.0000|0.2221|0.0000|0.0000|0.0000|0.0000|0.0000|0.0000|0.0000|0.0000|0.0000|0.0000|0.0000|0.0000|0.3000
wuzzuf.net,https://wuzzuf.net,benign,0.0,0,0.24,0,1.00|0.00|0.80|0.00|0.00|0.00|1.00|0.50|0.00|0.00|1.00|0.00|0.00|0.00|0.00,0.00|0.00|0.00|0.00|1.00|0.00|0.00|0.00|0.00|0.00|0.00|0.00|0.24,0.3551|0.0000|0.2831|0.0000|0.0000|0.0000|0.3551|0.1776|0.0016|0.0000|0.3551|0.0000|0.0000|0.0000|0.0000|0.0000|0.0000|0.0000|0.0000|0.2916|0.0000|0.0000|0.0000|0.0000|0.0000|0.0000|0.0000|0.0706
zonafranca.mx,https://zonafranca.mx,benign,0.0,0,0.2,0,0.00|0.00|0.00|0.00|0.00|0.00|1.00|0.50|0.00|0.00|0.00|0.00|0.00|0.00|0.00,0.00|0.00|0.00|0.00|0.00|0.00|0.00|0.00|0.00|0.00|0.00|0.00|0.20,0.0000|0.0000|0.0000|0.0000|0.0000|0.0000|0.2683|0.1342|0.0000|0.0000|0.0000|0.0000|0.0000|0.0000|0.0000|0.0000|0.0000|0.0000|0.0000|0.0000|0.0000|0.0000|0.0000|0.0000|0.0000|0.0000|0.0000|0.7000
kambistories.com,https://kambistories.com,benign,0.0,0,0.33,0,0.00|0.00|0.00|0.00|0.00|0.00|1.00|0.50|0.00|0.00|0.00|0.00|0.00|0.00|0.00,0.00|0.00|1.00|0.00|0.00|0.00|0.00|0.00|0.00|0.00|0.00|0.00|0.33,0.0000|0.0000|0.0000|0.0000|0.0000|0.0000|0.2683|0.1342|0.0000|0.0000|0.0000|0.0000|0.0000|0.0000|0.0000|0.0000|0.0000|0.6657|0.0000|0.0000|0.0000|0.0000|0.0000|0.0000|0.0000|0.0000|0.0000|0.2164
google.com.gh,https://google.com.gh,benign,0.0,0,0.37,0,1.00|1.00|0.96|0.00|1.00|0.00|1.00|0.80|0.00|0.00|0.00|0.00|1.00|1.00|0.00,0.00|0.00|1.00|0.00|1.00|0.00|0.00|0.00|0.00|0.00|0.00|0.00|0.37,0.2547|0.2547|0.2436|0.0000|0.2547|0.0000|0.2547|0.2037|0.0008|0.0000|0.0000|0.0000|0.2547|0.2547|0.0000|0.0000|0.0000|0.2053|0.0000|0.2053|0.0000|0.0000|0.0000|0.0000|0.0000|0.0000|0.0000|0.0754
zozo.com,https://zozo.com,benign,0.0,0,0.24,0,1.00|1.00|0.85|0.00|0.00|0.00|1.00|0.70|0.00|0.00|1.00|0.85|0.00|1.00|0.00,0.00|0.00|0.00|0.00|1.00|0.00|0.00|0.00|0.00|0.00|0.00|0.00|0.24,0.2658|0.2658|0.2259|0.0000|0.0000|0.0000|0.2658|0.1861|0.0006|0.0000|0.2658|0.2259|0.0000|0.2658|0.0000|0.0000|0.0000|0.0000|0.0000|0.2916|0.0000|0.0000|0.0000|0.0000|0.0000|0.0000|0.0000|0.0706
google.cd,https://google.cd,benign,0.0,0,0.37,0,1.00|1.00|0.96|0.00|1.00|0.00|1.00|0.80|0.00|0.00|0.00|0.00|1.00|1.00|0.00,0.00|0.00|1.00|0.00|1.00|0.00|0.00|0.00|0.00|0.00|0.00|0.00|0.37,0.2547|0.2547|0.2436|0.0000|0.2547|0.0000|0.2547|0.2037|0.0008|0.0000|0.0000|0.0000|0.2547|0.2547|0.0000|0.0000|0.0000|0.2053|0.0000|0.2053|0.0000|0.0000|0.0000|0.0000|0.0000|0.0000|0.0000|0.0754
yoopu.me,https://yoopu.me,benign,0.0,0,0.3,0,1.00|0.00|0.70|0.00|0.00|0.00|1.00|0.50|0.01|0.00|1.00|0.00|0.00|0.00|0.00,1.00|0.00|0.00|0.00|0.00|0.00|0.00|0.00|0.00|0.00|0.00|0.00|0.30,0.3617|0.0000|0.2547|0.0000|0.0000|0.0000|0.3617|0.1808|0.0040|0.0000|0.3617|0.0000|0.0000|0.0000|0.0000|0.2870|0.0000|0.0000|0.0000|0.0000|0.0000|0.0000|0.0000|0.0000|0.0000|0.0000|0.0000|0.0873
junichi-manga.com,https://junichi-manga.com,benign,0.0,0,0.2,0,0.00|0.00|0.00|0.00|0.00|0.00|1.00|0.50|0.00|0.00|0.00|0.00|0.00|0.00|0.00,0.00|0.00|0.00|0.00|0.00|0.00|0.00|0.00|0.00|0.00|0.00|0.00|0.20,0.0000|0.0000|0.0000|0.0000|0.0000|0.0000|0.2683|0.1342|0.0000|0.0000|0.0000|0.0000|0.0000|0.0000|0.0000|0.0000|0.0000|0.0000|0.0000|0.0000|0.0000|0.0000|0.0000|0.0000|0.0000|0.0000|0.0000|0.7000
google.ci,https://google.ci,benign,0.0,0,0.37,0,1.00|1.00|0.96|0.00|1.00|0.00|1.00|0.80|0.00|0.00|0.00|0.00|1.00|1.00|0.00,0.00|0.00|1.00|0.00|1.00|0.00|0.00|0.00|0.00|0.00|0.00|0.00|0.37,0.2547|0.2547|0.2436|0.0000|0.2547|0.0000|0.2547|0.2037|0.0008|0.0000|0.0000|0.0000|0.2547|0.2547|0.0000|0.0000|0.0000|0.2053|0.0000|0.2053|0.0000|0.0000|0.0000|0.0000|0.0000|0.0000|0.0000|0.0754
kaliboys.com,https://kaliboys.com,benign,0.0,0,0.2,0,1.00|0.00|0.65|0.00|0.00|0.00|1.00|0.50|0.01|0.00|1.00|0.00|0.00|0.00|0.00,0.00|0.00|0.00|0.00|0.00|0.00|0.00|0.00|0.00|0.00|0.00|0.00|0.20,0.3654|0.0000|0.2367|0.0000|0.0000|0.0000|0.3654|0.1827|0.0038|0.0000|0.3654|0.0000|0.0000|0.0000|0.0000|0.0000|0.0000|0.0000|0.0000|0.0000|0.0000|0.0000|0.0000|0.0000|0.0000|0.0000|0.0000|0.3000
kankanwu.com,https://kankanwu.com,benign,0.0,0,0.2,0,1.00|0.00|0.65|0.00|0.00|0.00|1.00|0.50|0.01|0.00|1.00|0.00|0.00|0.00|0.00,0.00|0.00|0.00|0.00|0.00|0.00|0.00|0.00|0.00|0.00|0.00|0.00|0.20,0.3653|0.0000|0.2375|0.0000|0.0000|0.0000|0.3653|0.1826|0.0043|0.0000|0.3653|0.0000|0.0000|0.0000|0.0000|0.0000|0.0000|0.0000|0.0000|0.0000|0.0000|0.0000|0.0000|0.0000|0.0000|0.0000|0.0000|0.3000
happysocks.com,https://happysocks.com,benign,0.6,0,0.37,0,1.00|1.00|0.85|1.00|0.00|0.00|1.00|0.70|0.01|0.00|1.00|0.85|0.00|0.00|0.60,0.00|0.00|1.00|0.00|1.00|0.00|0.00|0.00|0.00|0.00|0.00|0.00|0.37,0.2592|0.2592|0.2203|0.2592|0.0000|0.0000|0.2592|0.1814|0.0026|0.0000|0.2592|0.2203|0.0000|0.0000|0.1555|0.0000|0.0000|0.2053|0.0000|0.2053|0.0000|0.0000|0.0000|0.0000|0.0000|0.0000|0.0000|0.0754
kannadamatrimony.com,http://kannadamatrimony.com,benign,0.0,0,0.33,0,1.00|0.00|0.66|0.00|0.00|0.00|0.00|0.50|0.00|0.00|1.00|0.00|0.00|0.00|0.00,0.00|0.00|1.00|0.00|0.00|0.00|0.00|0.00|0.00|0.00|0.00|0.00|0.33,0.4271|0.0000|0.2822|0.0000|0.0000|0.0000|0.0000|0.2135|0.0010|0.0000|0.4271|0.0000|0.0000|0.0000|0.0000|0.0000|0.0000|0.2853|0.0000|0.0000|0.0000|0.0000|0.0000|0.0000|0.0000|0.0000|0.0000|0.0927
zurichinternationalsolutions.com,https://zurichinternationalsolutions.com,phishing,1.0,1,0.2,0,1.00|1.00|0.85|1.00|1.00|0.00|1.00|0.70|0.00|0.00|1.00|0.85|1.00|0.00|1.00,0.00|0.00|0.00|0.00|0.00|0.00|0.00|0.00|0.00|0.00|0.00|0.00|0.20,0.2221|0.2221|0.1888|0.2221|0.2221|0.0000|0.2221|0.1555|0.0011|0.0000|0.2221|0.1888|0.2221|0.0000|0.2221|0.0000|0.0000|0.0000|0.0000|0.0000|0.0000|0.0000|0.0000|0.0000|0.0000|0.0000|0.0000|0.3000
facenow.in,https://facenow.in,benign,0.0,0,0.33,0,1.00|0.00|0.68|0.00|0.00|0.00|1.00|0.50|0.01|0.00|1.00|0.00|0.00|0.00|0.00,0.00|0.00|1.00|0.00|0.00|0.00|0.00|0.00|0.00|0.00|0.00|0.00|0.33,0.3633|0.0000|0.2470|0.0000|0.0000|0.0000|0.3633|0.1817|0.0037|0.0000|0.3633|0.0000|0.0000|0.0000|0.0000|0.0000|0.0000|0.2853|0.0000|0.0000|0.0000|0.0000|0.0000|0.0000|0.0000|0.0000|0.0000|0.0927
inn.no,https://inn.no,benign,0.0,0,0.2,0,1.00|0.00|0.67|0.00|0.00|0.00|1.00|0.50|0.01|0.00|1.00|0.00|0.00|0.00|0.00,0.00|0.00|0.00|0.00|0.00|0.00|0.00|0.00|0.00|0.00|0.00|0.00|0.20,0.3637|0.0000|0.2453|0.0000|0.0000|0.0000|0.3637|0.1818|0.0030|0.0000|0.3637|0.0000|0.0000|0.0000|0.0000|0.0000|0.0000|0.0000|0.0000|0.0000|0.0000|0.0000|0.0000|0.0000|0.0000|0.0000|0.0000|0.3000
ziraatyatirim.com.tr,https://ziraatyatirim.com.tr,phishing,1.0,1,0.35,0,1.00|1.00|0.85|1.00|1.00|0.00|1.00|0.70|0.01|0.00|1.00|0.85|1.00|0.00|1.00,1.00|0.00|0.00|0.00|1.00|0.00|0.00|0.00|0.00|0.00|0.00|0.00|0.35,0.2221|0.2221|0.1888|0.2221|0.2221|0.0000|0.2221|0.1555|0.0017|0.0000|0.2221|0.1888|0.2221|0.0000|0.2221|0.2061|0.0000|0.0000|0.0000|0.2061|0.0000|0.0000|0.0000|0.0000|0.0000|0.0000|0.0000|0.0713
google.co.zm,https://google.co.zm,benign,0.0,0,0.37,0,1.00|1.00|0.96|0.00|1.00|0.00|1.00|0.80|0.00|0.00|0.00|0.00|1.00|1.00|0.00,0.00|0.00|1.00|0.00|1.00|0.00|0.00|0.00|0.00|0.00|0.00|0.00|0.37,0.2547|0.2547|0.2436|0.0000|0.2547|0.0000|0.2547|0.2037|0.0008|0.0000|0.0000|0.0000|0.2547|0.2547|0.0000|0.0000|0.0000|0.2053|0.0000|0.2053|0.0000|0.0000|0.0000|0.0000|0.0000|0.0000|0.0000|0.0754
zooquizzes.com,https://zooquizzes.com,benign,0.0,0,0.33,0,0.00|0.00|0.00|0.00|0.00|0.00|1.00|0.50|0.00|0.00|0.00|0.00|0.00|0.00|0.00,0.00|0.00|1.00|0.00|0.00|0.00|0.00|0.00|0.00|0.00|0.00|0.00|0.33,0.0000|0.0000|0.0000|0.0000|0.0000|0.0000|0.2683|0.1342|0.0000|0.0000|0.0000|0.0000|0.0000|0.0000|0.0000|0.0000|0.0000|0.6657|0.0000|0.0000|0.0000|0.0000|0.0000|0.0000|0.0000|0.0000|0.0000|0.2164
google.com.my,https://google.com.my,benign,0.0,0,0.37,0,1.00|1.00|0.96|0.00|1.00|0.00|1.00|0.80|0.00|0.00|0.00|0.00|1.00|1.00|0.00,0.00|0.00|1.00|0.00|1.00|0.00|0.00|0.00|0.00|0.00|0.00|0.00|0.37,0.2547|0.2547|0.2436|0.0000|0.2547|0.0000|0.2547|0.2037|0.0008|0.0000|0.0000|0.0000|0.2547|0.2547|0.0000|0.0000|0.0000|0.2053|0.0000|0.2053|0.0000|0.0000|0.0000|0.0000|0.0000|0.0000|0.0000|0.0754
google.bs,https://google.bs,benign,0.0,0,0.37,0,1.00|1.00|0.96|0.00|1.00|0.00|1.00|0.80|0.00|0.00|0.00|0.00|1.00|1.00|0.00,0.00|0.00|1.00|0.00|1.00|0.00|0.00|0.00|0.00|0.00|0.00|0.00|0.37,0.2547|0.2547|0.2436|0.0000|0.2547|0.0000|0.2547|0.2037|0.0008|0.0000|0.0000|0.0000|0.2547|0.2547|0.0000|0.0000|0.0000|0.2053|0.0000|0.2053|0.0000|0.0000|0.0000|0.0000|0.0000|0.0000|0.0000|0.0754
havaianas-store.com,https://havaianas-store.com,phishing,1.0,1,0.2,0,1.00|1.00|0.85|1.00|1.00|0.00|1.00|0.70|0.00|0.00|1.00|0.85|1.00|0.00|1.00,0.00|0.00|0.00|0.00|0.00|0.00|0.00|0.00|0.00|0.00|0.00|0.00|0.20,0.2221|0.2221|0.1888|0.2221|0.2221|0.0000|0.2221|0.1555|0.0007|0.0000|0.2221|0.1888|0.2221|0.0000|0.2221|0.0000|0.0000|0.0000|0.0000|0.0000|0.0000|0.0000|0.0000|0.0000|0.0000|0.0000|0.0000|0.3000
kafkas.gr,https://kafkas.gr,benign,0.0,0,0.37,0,0.00|0.00|0.00|0.00|0.00|0.00|1.00|0.50|0.00|0.00|0.00|0.00|0.00|0.00|0.00,0.00|0.00|1.00|0.00|1.00|0.00|0.00|0.00|0.00|0.00|0.00|0.00|0.37,0.0000|0.0000|0.0000|0.0000|0.0000|0.0000|0.2683|0.1342|0.0000|0.0000|0.0000|0.0000|0.0000|0.0000|0.0000|0.0000|0.0000|0.4791|0.0000|0.4791|0.0000|0.0000|0.0000|0.0000|0.0000|0.0000|0.0000|0.1758
zoho.eu,https://zoho.eu,benign,0.0,0,0.24,0,1.00|1.00|0.85|0.00|0.00|0.00|1.00|0.70|0.01|0.00|1.00|0.85|0.00|1.00|0.00,0.00|0.00|0.00|0.00|1.00|0.00|0.00|0.00|0.00|0.00|0.00|0.00|0.24,0.2658|0.2658|0.2259|0.0000|0.0000|0.0000|0.2658|0.1861|0.0014|0.0000|0.2658|0.2259|0.0000|0.2658|0.0000|0.0000|0.0000|0.0000|0.0000|0.2916|0.0000|0.0000|0.0000|0.0000|0.0000|0.0000|0.0000|0.0706
julian-fashion.com,https://julian-fashion.com,benign,0.0,0,0.37,0,0.00|0.00|0.00|0.00|0.00|0.00|1.00|0.50|0.00|0.00|0.00|0.00|0.00|0.00|0.00,0.00|0.00|1.00|0.00|1.00|0.00|0.00|0.00|0.00|0.00|0.00|0.00|0.37,0.0000|0.0000|0.0000|0.0000|0.0000|0.0000|0.2683|0.1342|0.0000|0.0000|0.0000|0.0000|0.0000|0.0000|0.0000|0.0000|0.0000|0.4791|0.0000|0.4791|0.0000|0.0000|0.0000|0.0000|0.0000|0.0000|0.0000|0.1758
ilogo.in,https://ilogo.in,benign,0.0,0,0.24,0,1.00|0.00|0.77|0.00|0.00|0.00|1.00|0.50|0.00|0.00|1.00|0.00|0.00|0.00|0.00,0.00|0.00|0.00|0.00|1.00|0.00|0.00|0.00|0.00|0.00|0.00|0.00|0.24,0.3574|0.0000|0.2736|0.0000|0.0000|0.0000|0.3574|0.1787|0.0003|0.0000|0.3574|0.0000|0.0000|0.0000|0.0000|0.0000|0.0000|0.0000|0.0000|0.2916|0.0000|0.0000|0.0000|0.0000|0.0000|0.0000|0.0000|0.0706
kaketosdelano.ml,https://kaketosdelano.ml,phishing,1.0,1,0.33,0,1.00|1.00|0.85|1.00|1.00|1.00|1.00|0.70|0.01|0.00|1.00|0.85|1.00|0.00|1.00,0.00|0.00|1.00|0.00|0.00|0.00|0.00|0.00|0.00|0.00|0.00|0.00|0.33,0.2117|0.2117|0.1799|0.2117|0.2117|0.2117|0.2117|0.1482|0.0025|0.0000|0.2117|0.1799|0.2117|0.0000|0.2117|0.0000|0.0000|0.2853|0.0000|0.0000|0.0000|0.0000|0.0000|0.0000|0.0000|0.0000|0.0000|0.0927
insider.in,https://insider.in,benign,0.0,0,0.41,0,1.00|0.00|0.72|0.00|0.00|0.00|1.00|0.50|0.00|0.00|1.00|0.00|0.00|0.00|0.00,0.00|0.00|0.00|0.00|1.00|1.00|0.00|0.00|0.00|0.00|0.00|0.00|0.41,0.3608|0.0000|0.2586|0.0000|0.0000|0.0000|0.3608|0.1804|0.0009|0.0000|0.3608|0.0000|0.0000|0.0000|0.0000|0.0000|0.0000|0.0000|0.0000|0.2038|0.2038|0.0000|0.0000|0.0000|0.0000|0.0000|0.0000|0.0832
google.com.bn,https://google.com.bn,benign,0.0,0,0.37,0,1.00|1.00|0.96|0.00|1.00|0.00|1.00|0.80|0.00|0.00|0.00|0.00|1.00|1.00|0.00,0.00|0.00|1.00|0.00|1.00|0.00|0.00|0.00|0.00|0.00|0.00|0.00|0.37,0.2547|0.2547|0.2436|0.0000|0.2547|0.0000|0.2547|0.2037|0.0008|0.0000|0.0000|0.0000|0.2547|0.2547|0.0000|0.0000|0.0000|0.2053|0.0000|0.2053|0.0000|0.0000|0.0000|0.0000|0.0000|0.0000|0.0000|0.0754
kaimono-ichiba.net,https://kaimono-ichiba.net,benign,0.0,0,0.3,0,1.00|0.00|0.66|0.00|0.00|0.00|1.00|0.50|0.00|0.00|1.00|0.00|0.00|0.00|0.00,1.00|0.00|0.00|0.00|0.00|0.00|0.00|0.00|0.00|0.00|0.00|0.00|0.30,0.3648|0.0000|0.2398|0.0000|0.0000|0.0000|0.3648|0.1824|0.0011|0.0000|0.3648|0.0000|0.0000|0.0000|0.0000|0.2870|0.0000|0.0000|0.0000|0.0000|0.0000|0.0000|0.0000|0.0000|0.0000|0.0000|0.0000|0.0873
amazon.it,https://amazon.it,benign,0.0,0,0.24,0,1.00|1.00|0.99|0.00|1.00|0.00|1.00|0.80|0.01|0.00|0.00|0.00|1.00|1.00|0.00,0.00|0.00|0.00|0.00|1.00|0.00|0.00|0.00|0.00|0.00|0.00|0.00|0.24,0.2537|0.2537|0.2502|0.0000|0.2537|0.0000|0.2537|0.2030|0.0014|0.0000|0.0000|0.0000|0.2537|0.2537|0.0000|0.0000|0.0000|0.0000|0.0000|0.2916|0.0000|0.0000|0.0000|0.0000|0.0000|0.0000|0.0000|0.0706
jwplatform.com,https://jwplatform.com,benign,0.0,0,0.24,0,0.00|0.00|0.00|0.00|0.00|0.00|1.00|0.50|0.00|0.00|0.00|0.00|0.00|0.00|0.00,0.00|0.00|0.00|0.00|1.00|0.00|0.00|0.00|0.00|0.00|0.00|0.00|0.24,0.0000|0.0000|0.0000|0.0000|0.0000|0.0000|0.2683|0.1342|0.0000|0.0000|0.0000|0.0000|0.0000|0.0000|0.0000|0.0000|0.0000|0.0000|0.0000|0.6804|0.0000|0.0000|0.0000|0.0000|0.0000|0.0000|0.0000|0.1646
google.com.tr,https://google.com.tr,benign,0.0,0,0.37,0,1.00|1.00|0.96|0.00|1.00|0.00|1.00|0.80|0.00|0.00|0.00|0.00|1.00|1.00|0.00,0.00|0.00|1.00|0.00|1.00|0.00|0.00|0.00|0.00|0.00|0.00|0.00|0.37,0.2547|0.2547|0.2436|0.0000|0.2547|0.0000|0.2547|0.2037|0.0008|0.0000|0.0000|0.0000|0.2547|0.2547|0.0000|0.0000|0.0000|0.2053|0.0000|0.2053|0.0000|0.0000|0.0000|0.0000|0.0000|0.0000|0.0000|0.0754
google.com.bh,https://google.com.bh,benign,0.0,0,0.37,0,1.00|1.00|0.96|0.00|1.00|0.00|1.00|0.80|0.00|0.00|0.00|0.00|1.00|1.00|0.00,0.00|0.00|1.00|0.00|1.00|0.00|0.00|0.00|0.00|0.00|0.00|0.00|0.37,0.2547|0.2547|0.2436|0.0000|0.2547|0.0000|0.2547|0.2037|0.0008|0.0000|0.0000|0.0000|0.2547|0.2547|0.0000|0.0000|0.0000|0.2053|0.0000|0.2053|0.0000|0.0000|0.0000|0.0000|0.0000|0.0000|0.0000|0.0754
zzb.bz,https://zzb.bz,benign,0.0,0,0.3,0,1.00|0.00|0.68|0.00|0.00|0.00|1.00|0.50|0.02|0.00|1.00|0.00|0.00|0.00|0.00,1.00|0.00|0.00|0.00|0.00|0.00|0.00|0.00|0.00|0.00|0.00|0.00|0.30,0.3636|0.0000|0.2457|0.0000|0.0000|0.0000|0.3636|0.1818|0.0061|0.0000|0.3636|0.0000|0.0000|0.0000|0.0000|0.2870|0.0000|0.0000|0.0000|0.0000|0.0000|0.0000|0.0000|0.0000|0.0000|0.0000|0.0000|0.0873
google.com.tn,https://google.com.tn,benign,0.0,0,0.37,0,1.00|1.00|0.96|0.00|1.00|0.00|1.00|0.80|0.00|0.00|0.00|0.00|1.00|1.00|0.00,0.00|0.00|1.00|0.00|1.00|0.00|0.00|0.00|0.00|0.00|0.00|0.00|0.37,0.2547|0.2547|0.2436|0.0000|0.2547|0.0000|0.2547|0.2037|0.0008|0.0000|0.0000|0.0000|0.2547|0.2547|0.0000|0.0000|0.0000|0.2053|0.0000|0.2053|0.0000|0.0000|0.0000|0.0000|0.0000|0.0000|0.0000|0.0754
ikoma.hr,https://ikoma.hr,benign,0.0,0,0.2,0,1.00|0.00|0.69|0.00|0.00|0.00|1.00|0.50|0.01|0.00|1.00|0.00|0.00|0.00|0.00,0.00|0.00|0.00|0.00|0.00|0.00|0.00|0.00|0.00|0.00|0.00|0.00|0.20,0.3629|0.0000|0.2489|0.0000|0.0000|0.0000|0.3629|0.1815|0.0022|0.0000|0.3629|0.0000|0.0000|0.0000|0.0000|0.0000|0.0000|0.0000|0.0000|0.0000|0.0000|0.0000|0.0000|0.0000|0.0000|0.0000|0.0000|0.3000
yokochou.com,https://yokochou.com,benign,0.0,0,0.24,0,1.00|0.00|0.69|0.00|0.00|0.00|1.00|0.50|0.01|0.00|1.00|0.00|0.00|0.00|0.00,0.00|0.00|0.00|0.00|1.00|0.00|0.00|0.00|0.00|0.00|0.00|0.00|0.24,0.3628|0.0000|0.2495|0.0000|0.0000|0.0000|0.3628|0.1814|0.0024|0.0000|0.3628|0.0000|0.0000|0.0000|0.0000|0.0000|0.0000|0.0000|0.0000|0.2916|0.0000|0.0000|0.0000|0.0000|0.0000|0.0000|0.0000|0.0706
juicysexstories.com,https://juicysexstories.com,benign,0.0,0,0.3,0,1.00|0.00|0.67|0.00|0.00|0.00|1.00|0.50|0.06|0.00|1.00|0.00|0.00|0.00|0.00,1.00|0.00|0.00|0.00|0.00|0.00|0.00|0.00|0.00|0.00|0.00|0.00|0.30,0.3641|0.0000|0.2422|0.0000|0.0000|0.0000|0.3641|0.1821|0.0220|0.0000|0.3641|0.0000|0.0000|0.0000|0.0000|0.2870|0.0000|0.0000|0.0000|0.0000|0.0000|0.0000|0.0000|0.0000|0.0000|0.0000|0.0000|0.0873
juegosipo.com,https://juegosipo.com,benign,0.0,0,0.2,0,0.00|0.00|0.00|0.00|0.00|0.00|1.00|0.50|0.00|0.00|0.00|0.00|0.00|0.00|0.00,0.00|0.00|0.00|0.00|0.00|0.00|0.00|0.00|0.00|0.00|0.00|0.00|0.20,0.0000|0.0000|0.0000|0.0000|0.0000|0.0000|0.2683|0.1342|0.0000|0.0000|0.0000|0.0000|0.0000|0.0000|0.0000|0.0000|0.0000|0.0000|0.0000|0.0000|0.0000|0.0000|0.0000|0.0000|0.0000|0.0000|0.0000|0.7000
google.com.ng,https://google.com.ng,benign,0.0,0,0.37,0,1.00|1.00|0.96|0.00|1.00|0.00|1.00|0.80|0.00|0.00|0.00|0.00|1.00|1.00|0.00,0.00|0.00|1.00|0.00|1.00|0.00|0.00|0.00|0.00|0.00|0.00|0.00|0.37,0.2547|0.2547|0.2436|0.0000|0.2547|0.0000|0.2547|0.2037|0.0008|0.0000|0.0000|0.0000|0.2547|0.2547|0.0000|0.0000|0.0000|0.2053|0.0000|0.2053|0.0000|0.0000|0.0000|0.0000|0.0000|0.0000|0.0000|0.0754
google.com.af,https://google.com.af,benign,0.0,0,0.37,0,1.00|1.00|0.96|0.00|1.00|0.00|1.00|0.80|0.00|0.00|0.00|0.00|1.00|1.00|0.00,0.00|0.00|1.00|0.00|1.00|0.00|0.00|0.00|0.00|0.00|0.00|0.00|0.37,0.2547|0.2547|0.2436|0.0000|0.2547|0.0000|0.2547|0.2037|0.0008|0.0000|0.0000|0.0000|0.2547|0.2547|0.0000|0.0000|0.0000|0.2053|0.0000|0.2053|0.0000|0.0000|0.0000|0.0000|0.0000|0.0000|0.0000|0.0754
yelp.ca,https://yelp.ca,benign,0.0,0,0.24,0,1.00|1.00|0.85|0.00|0.00|0.00|1.00|0.70|0.00|0.00|1.00|0.85|0.00|1.00|0.00,0.00|0.00|0.00|0.00|1.00|0.00|0.00|0.00|0.00|0.00|0.00|0.00|0.24,0.2658|0.2658|0.2259|0.0000|0.0000|0.0000|0.2658|0.1861|0.0006|0.0000|0.2658|0.2259|0.0000|0.2658|0.0000|0.0000|0.0000|0.0000|0.0000|0.2916|0.0000|0.0000|0.0000|0.0000|0.0000|0.0000|0.0000|0.0706
iletaitunehistoire.com,https://iletaitunehistoire.com,benign,0.0,0,0.2,0,0.00|0.00|0.00|0.00|0.00|0.00|1.00|0.50|0.00|0.00|0.00|0.00|0.00|0.00|0.00,0.00|0.00|0.00|0.00|0.00|0.00|0.00|0.00|0.00|0.00|0.00|0.00|0.20,0.0000|0.0000|0.0000|0.0000|0.0000|0.0000|0.2683|0.1342|0.0000|0.0000|0.0000|0.0000|0.0000|0.0000|0.0000|0.0000|0.0000|0.0000|0.0000|0.0000|0.0000|0.0000|0.0000|0.0000|0.0000|0.0000|0.0000|0.7000
ilketkinlik.com,https://ilketkinlik.com,benign,0.6,0,0.2,0,1.00|1.00|0.85|1.00|0.00|0.00|1.00|0.70|0.00|0.00|1.00|0.85|0.00|0.00|0.60,0.00|0.00|0.00|0.00|0.00|0.00|0.00|0.00|0.00|0.00|0.00|0.00|0.20,0.2592|0.2592|0.2203|0.2592|0.0000|0.0000|0.2592|0.1814|0.0010|0.0000|0.2592|0.2203|0.0000|0.0000|0.1555|0.0000|0.0000|0.0000|0.0000|0.0000|0.0000|0.0000|0.0000|0.0000|0.0000|0.0000|0.0000|0.3000
zipcodespostal.com,https://zipcodespostal.com,phishing,1.0,1,0.2,0,1.00|1.00|0.85|1.00|1.00|0.00|1.00|0.70|0.01|0.00|1.00|0.85|1.00|0.00|1.00,0.00|0.00|0.00|0.00|0.00|0.00|0.00|0.00|0.00|0.00|0.00|0.00|0.20,0.2221|0.2221|0.1888|0.2221|0.2221|0.0000|0.2221|0.1555|0.0020|0.0000|0.2221|0.1888|0.2221|0.0000|0.2221|0.0000|0.0000|0.0000|0.0000|0.0000|0.0000|0.0000|0.0000|0.0000|0.0000|0.0000|0.0000|0.3000
inkbunny.net,https://inkbunny.net,benign,0.0,0,0.24,0,1.00|0.00|0.67|0.00|0.00|0.00|1.00|0.50|0.04|0.00|1.00|0.00|0.00|0.00|0.00,0.00|0.00|0.00|0.00|1.00|0.00|0.00|0.00|0.00|0.00|0.00|0.00|0.24,0.3637|0.0000|0.2448|0.0000|0.0000|0.0000|0.3637|0.1818|0.0154|0.0000|0.3637|0.0000|0.0000|0.0000|0.0000|0.0000|0.0000|0.0000|0.0000|0.2916|0.0000|0.0000|0.0000|0.0000|0.0000|0.0000|0.0000|0.0706
happyhappybirthday.net,https://happyhappybirthday.net,benign,0.0,0,0.2,0,1.00|0.00|0.64|0.00|0.00|0.00|1.00|0.50|0.02|0.00|1.00|0.00|0.00|0.00|0.00,0.00|0.00|0.00|0.00|0.00|0.00|0.00|0.00|0.00|0.00|0.00|0.00|0.20,0.3657|0.0000|0.2352|0.0000|0.0000|0.0000|0.3657|0.1829|0.0062|0.0000|0.3657|0.0000|0.0000|0.0000|0.0000|0.0000|0.0000|0.0000|0.0000|0.0000|0.0000|0.0000|0.0000|0.0000|0.0000|0.0000|0.0000|0.3000
juridicheskij-supermarket.ua,https://juridicheskij-supermarket.ua,benign,0.0,0,0.33,0,1.00|0.00|0.66|0.00|0.00|0.00|1.00|0.50|0.01|0.00|1.00|0.00|0.00|0.00|0.00,0.00|0.00|1.00|0.00|0.00|0.00|0.00|0.00|0.00|0.00|0.00|0.00|0.33,0.3649|0.0000|0.2392|0.0000|0.0000|0.0000|0.3649|0.1825|0.0034|0.0000|0.3649|0.0000|0.0000|0.0000|0.0000|0.0000|0.0000|0.2853|0.0000|0.0000|0.0000|0.0000|0.0000|0.0000|0.0000|0.0000|0.0000|0.0927
juridischforum.be,https://juridischforum.be,benign,0.0,0,0.2,0,1.00|0.00|0.70|0.00|0.00|0.00|1.00|0.50|0.00|0.00|1.00|0.00|0.00|0.00|0.00,0.00|0.00|0.00|0.00|0.00|0.00|0.00|0.00|0.00|0.00|0.00|0.00|0.20,0.3621|0.0000|0.2527|0.0000|0.0000|0.0000|0.3621|0.1811|0.0018|0.0000|0.3621|0.0000|0.0000|0.0000|0.0000|0.0000|0.0000|0.0000|0.0000|0.0000|0.0000|0.0000|0.0000|0.0000|0.0000|0.0000|0.0000|0.3000
google.com.hk,https://google.com.hk,benign,0.0,0,0.37,0,1.00|1.00|0.96|0.00|1.00|0.00|1.00|0.80|0.00|0.00|0.00|0.00|1.00|1.00|0.00,0.00|0.00|1.00|0.00|1.00|0.00|0.00|0.00|0.00|0.00|0.00|0.00|0.37,0.2547|0.2547|0.2436|0.0000|0.2547|0.0000|0.2547|0.2037|0.0008|0.0000|0.0000|0.0000|0.2547|0.2547|0.0000|0.0000|0.0000|0.2053|0.0000|0.2053|0.0000|0.0000|0.0000|0.0000|0.0000|0.0000|0.0000|0.0754
google.co.id,https://google.co.id,benign,0.0,0,0.37,0,1.00|1.00|0.96|0.00|1.00|0.00|1.00|0.80|0.00|0.00|0.00|0.00|1.00|1.00|0.00,0.00|0.00|1.00|0.00|1.00|0.00|0.00|0.00|0.00|0.00|0.00|0.00|0.37,0.2547|0.2547|0.2436|0.0000|0.2547|0.0000|0.2547|0.2037|0.0008|0.0000|0.0000|0.0000|0.2547|0.2547|0.0000|0.0000|0.0000|0.2053|0.0000|0.2053|0.0000|0.0000|0.0000|0.0000|0.0000|0.0000|0.0000|0.0754
inkscape.org,https://inkscape.org,phishing,1.0,1,0.35,0,1.00|1.00|0.85|1.00|1.00|0.00|1.00|0.70|0.02|0.00|1.00|0.85|1.00|0.00|1.00,1.00|0.00|0.00|0.00|1.00|0.00|0.00|0.00|0.00|0.00|0.00|0.00|0.35,0.2221|0.2221|0.1888|0.2221|0.2221|0.0000|0.2221|0.1555|0.0038|0.0000|0.2221|0.1888|0.2221|0.0000|0.2221|0.2061|0.0000|0.0000|0.0000|0.2061|0.0000|0.0000|0.0000|0.0000|0.0000|0.0000|0.0000|0.0713
jullymart.com,https://jullymart.com,benign,0.0,0,0.24,0,1.00|0.00|0.74|0.00|0.00|0.00|1.00|0.50|0.01|0.00|1.00|0.00|0.00|0.00|0.00,0.00|0.00|0.00|0.00|1.00|0.00|0.00|0.00|0.00|0.00|0.00|0.00|0.24,0.3591|0.0000|0.2664|0.0000|0.0000|0.0000|0.3591|0.1795|0.0042|0.0000|0.3591|0.0000|0.0000|0.0000|0.0000|0.0000|0.0000|0.0000|0.0000|0.2916|0.0000|0.0000|0.0000|0.0000|0.0000|0.0000|0.0000|0.0706
zrenie1.com,https://zrenie1.com,phishing,1.0,1,0.2,0,1.00|1.00|0.85|1.00|1.00|0.00|1.00|0.70|0.01|0.00|1.00|0.85|1.00|0.00|1.00,0.00|0.00|0.00|0.00|0.00|0.00|0.00|0.00|0.00|0.00|0.00|0.00|0.20,0.2221|0.2221|0.1888|0.2221|0.2221|0.0000|0.2221|0.1555|0.0014|0.0000|0.2221|0.1888|0.2221|0.0000|0.2221|0.0000|0.0000|0.0000|0.0000|0.0000|0.0000|0.0000|0.0000|0.0000|0.0000|0.0000|0.0000|0.3000
google.ad,https://google.ad,benign,0.0,0,0.37,0,1.00|1.00|0.96|0.00|1.00|0.00|1.00|0.80|0.00|0.00|0.00|0.00|1.00|1.00|0.00,0.00|0.00|1.00|0.00|1.00|0.00|0.00|0.00|0.00|0.00|0.00|0.00|0.37,0.2547|0.2547|0.2436|0.0000|0.2547|0.0000|0.2547|0.2037|0.0008|0.0000|0.0000|0.0000|0.2547|0.2547|0.0000|0.0000|0.0000|0.2053|0.0000|0.2053|0.0000|0.0000|0.0000|0.0000|0.0000|0.0000|0.0000|0.0754
inspiringtips.com,https://inspiringtips.com,benign,0.0,0,0.2,0,0.00|0.00|0.00|0.00|0.00|0.00|1.00|0.50|0.00|0.00|0.00|0.00|0.00|0.00|0.00,0.00|0.00|0.00|0.00|0.00|0.00|0.00|0.00|0.00|0.00|0.00|0.00|0.20,0.0000|0.0000|0.0000|0.0000|0.0000|0.0000|0.2683|0.1342|0.0000|0.0000|0.0000|0.0000|0.0000|0.0000|0.0000|0.0000|0.0000|0.0000|0.0000|0.0000|0.0000|0.0000|0.0000|0.0000|0.0000|0.0000|0.0000|0.7000
google.co.ug,https://google.co.ug,benign,0.0,0,0.37,0,1.00|1.00|0.96|0.00|1.00|0.00|1.00|0.80|0.00|0.00|0.00|0.00|1.00|1.00|0.00,0.00|0.00|1.00|0.00|1.00|0.00|0.00|0.00|0.00|0.00|0.00|0.00|0.37,0.2547|0.2547|0.2436|0.0000|0.2547|0.0000|0.2547|0.2037|0.0008|0.0000|0.0000|0.0000|0.2547|0.2547|0.0000|0.0000|0.0000|0.2053|0.0000|0.2053|0.0000|0.0000|0.0000|0.0000|0.0000|0.0000|0.0000|0.0754
inloox.com,https://inloox.com,benign,0.0,0,0.24,0,1.00|0.00|0.66|0.00|0.00|0.00|1.00|0.50|0.03|0.00|1.00|0.00|0.00|0.00|0.00,0.00|0.00|0.00|0.00|1.00|0.00|0.00|0.00|0.00|0.00|0.00|0.00|0.24,0.3644|0.0000|0.2414|0.0000|0.0000|0.0000|0.3644|0.1822|0.0106|0.0000|0.3644|0.0000|0.0000|0.0000|0.0000|0.0000|0.0000|0.0000|0.0000|0.2916|0.0000|0.0000|0.0000|0.0000|0.0000|0.0000|0.0000|0.0706
kansaigaidai.ac.jp,https://kansaigaidai.ac.jp,benign,0.0,0,0.2,0,1.00|0.00|0.67|0.00|0.00|0.00|1.00|0.50|0.01|0.00|1.00|0.00|0.00|0.00|0.00,0.00|0.00|0.00|0.00|0.00|0.00|0.00|0.00|0.00|0.00|0.00|0.00|0.20,0.3640|0.0000|0.2437|0.0000|0.0000|0.0000|0.3640|0.1820|0.0020|0.0000|0.3640|0.0000|0.0000|0.0000|0.0000|0.0000|0.0000|0.0000|0.0000|0.0000|0.0000|0.0000|0.0000|0.0000|0.0000|0.0000|0.0000|0.3000
insideclimatenews.org,https://insideclimatenews.org,benign,0.6,0,0.33,0,1.00|1.00|0.85|1.00|0.00|0.00|1.00|0.70|0.01|0.00|1.00|0.85|0.00|0.00|0.60,0.00|0.00|1.00|0.00|0.00|0.00|0.00|0.00|0.00|0.00|0.00|0.00|0.33,0.2592|0.2592|0.2203|0.2592|0.0000|0.0000|0.2592|0.1814|0.0030|0.0000|0.2592|0.2203|0.0000|0.0000|0.1555|0.0000|0.0000|0.2853|0.0000|0.0000|0.0000|0.0000|0.0000|0.0000|0.0000|0.0000|0.0000|0.0927
amazon.es,https://amazon.es,benign,0.0,0,0.24,0,1.00|1.00|0.99|0.00|1.00|0.00|1.00|0.80|0.01|0.00|0.00|0.00|1.00|1.00|0.00,0.00|0.00|0.00|0.00|1.00|0.00|0.00|0.00|0.00|0.00|0.00|0.00|0.24,0.2537|0.2537|0.2505|0.0000|0.2537|0.0000|0.2537|0.2029|0.0015|0.0000|0.0000|0.0000|0.2537|0.2537|0.0000|0.0000|0.0000|0.0000|0.0000|0.2916|0.0000|0.0000|0.0000|0.0000|0.0000|0.0000|0.0000|0.0706
kafiil.com,https://kafiil.com,benign,0.0,0,0.35,0,0.00|0.00|0.00|0.00|0.00|0.00|1.00|0.50|0.00|0.00|0.00|0.00|0.00|0.00|0.00,1.00|0.00|0.00|0.00|1.00|0.00|0.00|0.00|0.00|0.00|0.00|0.00|0.35,0.0000|0.0000|0.0000|0.0000|0.0000|0.0000|0.2683|0.1342|0.0000|0.0000|0.0000|0.0000|0.0000|0.0000|0.0000|0.4808|0.0000|0.0000|0.0000|0.4808|0.0000|0.0000|0.0000|0.0000|0.0000|0.0000|0.0000|0.1664
google.com.au,https://google.com.au,benign,0.0,0,0.37,0,1.00|1.00|0.96|0.00|1.00|0.00|1.00|0.80|0.00|0.00|0.00|0.00|1.00|1.00|0.00,0.00|0.00|1.00|0.00|1.00|0.00|0.00|0.00|0.00|0.00|0.00|0.00|0.37,0.2547|0.2547|0.2436|0.0000|0.2547|0.0000|0.2547|0.2037|0.0008|0.0000|0.0000|0.0000|0.2547|0.2547|0.0000|0.0000|0.0000|0.2053|0.0000|0.2053|0.0000|0.0000|0.0000|0.0000|0.0000|0.0000|0.0000|0.0754
harney.com,http://harney.com,phishing,1.0,1,0.2,0,1.00|1.00|0.85|1.00|1.00|0.00|0.00|0.70|0.01|0.00|1.00|0.85|1.00|0.00|1.00,0.00|0.00|0.00|0.00|0.00|0.00|0.00|0.00|0.00|0.00|0.00|0.00|0.20,0.2342|0.2342|0.1991|0.2342|0.2342|0.0000|0.0000|0.1639|0.0032|0.0000|0.2342|0.1991|0.2342|0.0000|0.2342|0.0000|0.0000|0.0000|0.0000|0.0000|0.0000|0.0000|0.0000|0.0000|0.0000|0.0000|0.0000|0.3000
zoner.cz,https://zoner.cz,benign,0.0,0,0.24,0,1.00|1.00|0.85|0.00|0.00|0.00|1.00|0.70|0.01|0.00|1.00|0.85|0.00|1.00|0.00,0.00|0.00|0.00|0.00|1.00|0.00|0.00|0.00|0.00|0.00|0.00|0.00|0.24,0.2658|0.2658|0.2259|0.0000|0.0000|0.0000|0.2658|0.1861|0.0021|0.0000|0.2658|0.2259|0.0000|0.2658|0.0000|0.0000|0.0000|0.0000|0.0000|0.2916|0.0000|0.0000|0.0000|0.0000|0.0000|0.0000|0.0000|0.0706
google.com.gi,https://google.com.gi,benign,0.0,0,0.37,0,1.00|1.00|0.96|0.00|1.00|0.00|1.00|0.80|0.00|0.00|0.00|0.00|1.00|1.00|0.00,0.00|0.00|1.00|0.00|1.00|0.00|0.00|0.00|0.00|0.00|0.00|0.00|0.37,0.2547|0.2547|0.2436|0.0000|0.2547|0.0000|0.2547|0.2037|0.0008|0.0000|0.0000|0.0000|0.2547|0.2547|0.0000|0.0000|0.0000|0.2053|0.0000|0.2053|0.0000|0.0000|0.0000|0.0000|0.0000|0.0000|0.0000|0.0754
google.co.uz,https://google.co.uz,benign,0.0,0,0.37,0,1.00|1.00|0.96|0.00|1.00|0.00|1.00|0.80|0.00|0.00|0.00|0.00|1.00|1.00|0.00,0.00|0.00|1.00|0.00|1.00|0.00|0.00|0.00|0.00|0.00|0.00|0.00|0.37,0.2547|0.2547|0.2436|0.0000|0.2547|0.0000|0.2547|0.2037|0.0008|0.0000|0.0000|0.0000|0.2547|0.2547|0.0000|0.0000|0.0000|0.2053|0.0000|0.2053|0.0000|0.0000|0.0000|0.0000|0.0000|0.0000|0.0000|0.0754
zurich.com.ar,https://zurich.com.ar,benign,0.0,0,0.24,0,1.00|1.00|0.85|0.00|0.00|0.00|1.00|0.70|0.00|0.00|1.00|0.85|0.00|1.00|0.00,0.00|0.00|0.00|0.00|1.00|0.00|0.00|0.00|0.00|0.00|0.00|0.00|0.24,0.2658|0.2658|0.2259|0.0000|0.0000|0.0000|0.2658|0.1861|0.0013|0.0000|0.2658|0.2259|0.0000|0.2658|0.0000|0.0000|0.0000|0.0000|0.0000|0.2916|0.0000|0.0000|0.0000|0.0000|0.0000|0.0000|0.0000|0.0706
junkyard.se,https://junkyard.se,benign,0.0,0,0.2,0,0.00|0.00|0.00|0.00|0.00|0.00|1.00|0.50|0.00|0.00|0.00|0.00|0.00|0.00|0.00,0.00|0.00|0.00|0.00|0.00|0.00|0.00|0.00|0.00|0.00|0.00|0.00|0.20,0.0000|0.0000|0.0000|0.0000|0.0000|0.0000|0.2683|0.1342|0.0000|0.0000|0.0000|0.0000|0.0000|0.0000|0.0000|0.0000|0.0000|0.0000|0.0000|0.0000|0.0000|0.0000|0.0000|0.0000|0.0000|0.0000|0.0000|0.7000
inspectorade.com,https://inspectorade.com,benign,0.0,0,0.35,0,1.00|0.00|0.67|0.00|0.00|0.00|1.00|0.50|0.01|0.00|1.00|0.00|0.00|0.00|0.00,1.00|0.00|0.00|0.00|1.00|0.00|0.00|0.00|0.00|0.00|0.00|0.00|0.35,0.3642|0.0000|0.2425|0.0000|0.0000|0.0000|0.3642|0.1821|0.0043|0.0000|0.3642|0.0000|0.0000|0.0000|0.0000|0.2061|0.0000|0.0000|0.0000|0.2061|0.0000|0.0000|0.0000|0.0000|0.0000|0.0000|0.0000|0.0713
hautelook.com,https://hautelook.com,benign,0.0,0,0.53,1,1.00|1.00|0.85|0.00|0.00|0.00|1.00|0.70|0.01|0.00|1.00|0.85|0.00|1.00|0.00,0.00|0.00|1.00|0.00|1.00|1.00|0.00|0.00|0.00|0.00|0.00|0.00|0.53,0.2658|0.2658|0.2259|0.0000|0.0000|0.0000|0.2658|0.1861|0.0022|0.0000|0.2658|0.2259|0.0000|0.2658|0.0000|0.0000|0.0000|0.1655|0.0000|0.1655|0.1655|0.0000|0.0000|0.0000|0.0000|0.0000|0.0000|0.0882
ijunoon.com,https://ijunoon.com,benign,0.0,0,0.2,0,0.00|0.00|0.00|0.00|0.00|0.00|1.00|0.50|0.00|0.00|0.00|0.00|0.00|0.00|0.00,0.00|0.00|0.00|0.00|0.00|0.00|0.00|0.00|0.00|0.00|0.00|0.00|0.20,0.0000|0.0000|0.0000|0.0000|0.0000|0.0000|0.2683|0.1342|0.0000|0.0000|0.0000|0.0000|0.0000|0.0000|0.0000|0.0000|0.0000|0.0000|0.0000|0.0000|0.0000|0.0000|0.0000|0.0000|0.0000|0.0000|0.0000|0.7000
google.com.cy,https://google.com.cy,benign,0.0,0,0.37,0,1.00|1.00|0.96|0.00|1.00|0.00|1.00|0.80|0.00|0.00|0.00|0.00|1.00|1.00|0.00,0.00|0.00|1.00|0.00|1.00|0.00|0.00|0.00|0.00|0.00|0.00|0.00|0.37,0.2547|0.2547|0.2436|0.0000|0.2547|0.0000|0.2547|0.2037|0.0008|0.0000|0.0000|0.0000|0.2547|0.2547|0.0000|0.0000|0.0000|0.2053|0.0000|0.2053|0.0000|0.0000|0.0000|0.0000|0.0000|0.0000|0.0000|0.0754
zipwhip.com,https://zipwhip.com,benign,0.0,0,0.33,0,1.00|1.00|0.85|0.00|0.00|0.00|1.00|0.70|0.01|0.00|1.00|0.85|0.00|1.00|0.00,0.00|0.00|1.00|0.00|0.00|0.00|0.00|0.00|0.00|0.00|0.00|0.00|0.33,0.2658|0.2658|0.2259|0.0000|0.0000|0.0000|0.2658|0.1861|0.0032|0.0000|0.2658|0.2259|0.0000|0.2658|0.0000|0.0000|0.0000|0.2853|0.0000|0.0000|0.0000|0.0000|0.0000|0.0000|0.0000|0.0000|0.0000|0.0927
google.co.jp,https://google.co.jp,benign,0.0,0,0.37,0,1.00|1.00|0.96|0.00|1.00|0.00|1.00|0.80|0.00|0.00|0.00|0.00|1.00|1.00|0.00,0.00|0.00|1.00|0.00|1.00|0.00|0.00|0.00|0.00|0.00|0.00|0.00|0.37,0.2547|0.2547|0.2436|0.0000|0.2547|0.0000|0.2547|0.2037|0.0008|0.0000|0.0000|0.0000|0.2547|0.2547|0.0000|0.0000|0.0000|0.2053|0.0000|0.2053|0.0000|0.0000|0.0000|0.0000|0.0000|0.0000|0.0000|0.0754
google.com.mx,https://google.com.mx,benign,0.0,0,0.37,0,1.00|1.00|0.96|0.00|1.00|0.00|1.00|0.80|0.00|0.00|0.00|0.00|1.00|1.00|0.00,0.00|0.00|1.00|0.00|1.00|0.00|0.00|0.00|0.00|0.00|0.00|0.00|0.37,0.2547|0.2547|0.2436|0.0000|0.2547|0.0000|0.2547|0.2037|0.0008|0.0000|0.0000|0.0000|0.2547|0.2547|0.0000|0.0000|0.0000|0.2053|0.0000|0.2053|0.0000|0.0000|0.0000|0.0000|0.0000|0.0000|0.0000|0.0754
google.by,https://google.by,benign,0.0,0,0.37,0,1.00|1.00|0.96|0.00|1.00|0.00|1.00|0.80|0.00|0.00|0.00|0.00|1.00|1.00|0.00,0.00|0.00|1.00|0.00|1.00|0.00|0.00|0.00|0.00|0.00|0.00|0.00|0.37,0.2547|0.2547|0.2436|0.0000|0.2547|0.0000|0.2547|0.2037|0.0008|0.0000|0.0000|0.0000|0.2547|0.2547|0.0000|0.0000|0.0000|0.2053|0.0000|0.2053|0.0000|0.0000|0.0000|0.0000|0.0000|0.0000|0.0000|0.0754
google.com.vc,https://google.com.vc,benign,0.0,0,0.37,0,1.00|1.00|0.96|0.00|1.00|0.00|1.00|0.80|0.00|0.00|0.00|0.00|1.00|1.00|0.00,0.00|0.00|1.00|0.00|1.00|0.00|0.00|0.00|0.00|0.00|0.00|0.00|0.37,0.2547|0.2547|0.2436|0.0000|0.2547|0.0000|0.2547|0.2037|0.0008|0.0000|0.0000|0.0000|0.2547|0.2547|0.0000|0.0000|0.0000|0.2053|0.0000|0.2053|0.0000|0.0000|0.0000|0.0000|0.0000|0.0000|0.0000|0.0754
google.com.gt,https://google.com.gt,benign,0.0,0,0.37,0,1.00|1.00|0.96|0.00|1.00|0.00|1.00|0.80|0.00|0.00|0.00|0.00|1.00|1.00|0.00,0.00|0.00|1.00|0.00|1.00|0.00|0.00|0.00|0.00|0.00|0.00|0.00|0.37,0.2547|0.2547|0.2436|0.0000|0.2547|0.0000|0.2547|0.2037|0.0008|0.0000|0.0000|0.0000|0.2547|0.2547|0.0000|0.0000|0.0000|0.2053|0.0000|0.2053|0.0000|0.0000|0.0000|0.0000|0.0000|0.0000|0.0000|0.0754
google.com.bo,https://google.com.bo,benign,0.0,0,0.37,0,1.00|1.00|0.96|0.00|1.00|0.00|1.00|0.80|0.00|0.00|0.00|0.00|1.00|1.00|0.00,0.00|0.00|1.00|0.00|1.00|0.00|0.00|0.00|0.00|0.00|0.00|0.00|0.37,0.2547|0.2547|0.2436|0.0000|0.2547|0.0000|0.2547|0.2037|0.0008|0.0000|0.0000|0.0000|0.2547|0.2547|0.0000|0.0000|0.0000|0.2053|0.0000|0.2053|0.0000|0.0000|0.0000|0.0000|0.0000|0.0000|0.0000|0.0754
kaiyun.net,https://kaiyun.net,benign,0.0,0,0.2,0,1.00|0.00|0.64|0.00|0.00|0.00|1.00|0.50|0.02|0.00|1.00|0.00|0.00|0.00|0.00,0.00|0.00|0.00|0.00|0.00|0.00|0.00|0.00|0.00|0.00|0.00|0.00|0.20,0.3661|0.0000|0.2333|0.0000|0.0000|0.0000|0.3661|0.1830|0.0075|0.0000|0.3661|0.0000|0.0000|0.0000|0.0000|0.0000|0.0000|0.0000|0.0000|0.0000|0.0000|0.0000|0.0000|0.0000|0.0000|0.0000|0.0000|0.3000
google.at,https://google.at,benign,0.0,0,0.37,0,1.00|1.00|0.96|0.00|1.00|0.00|1.00|0.80|0.00|0.00|0.00|0.00|1.00|1.00|0.00,0.00|0.00|1.00|0.00|1.00|0.00|0.00|0.00|0.00|0.00|0.00|0.00|0.37,0.2547|0.2547|0.2436|0.0000|0.2547|0.0000|0.2547|0.2037|0.0008|0.0000|0.0000|0.0000|0.2547|0.2547|0.0000|0.0000|0.0000|0.2053|0.0000|0.2053|0.0000|0.0000|0.0000|0.0000|0.0000|0.0000|0.0000|0.0754
wxforum.net,https://wxforum.net,benign,0.0,0,0.3,0,1.00|0.00|0.68|0.00|0.00|0.00|1.00|0.50|0.03|0.00|1.00|0.00|0.00|0.00|0.00,1.00|0.00|0.00|0.00|0.00|0.00|0.00|0.00|0.00|0.00|0.00|0.00|0.30,0.3631|0.0000|0.2476|0.0000|0.0000|0.0000|0.3631|0.1816|0.0119|0.0000|0.3631|0.0000|0.0000|0.0000|0.0000|0.2870|0.0000|0.0000|0.0000|0.0000|0.0000|0.0000|0.0000|0.0000|0.0000|0.0000|0.0000|0.0873
amazon.com.mx,https://amazon.com.mx,benign,0.0,0,0.37,0,1.00|1.00|0.97|0.00|1.00|0.00|1.00|0.80|0.01|0.00|0.00|0.00|1.00|1.00|0.00,0.00|0.00|1.00|0.00|1.00|0.00|0.00|0.00|0.00|0.00|0.00|0.00|0.37,0.2542|0.2542|0.2467|0.0000|0.2542|0.0000|0.2542|0.2034|0.0018|0.0000|0.0000|0.0000|0.2542|0.2542|0.0000|0.0000|0.0000|0.2053|0.0000|0.2053|0.0000|0.0000|0.0000|0.0000|0.0000|0.0000|0.0000|0.0754
facebookreporter.org,https://facebookreporter.org,phishing,1.0,1,0.33,0,1.00|1.00|0.85|1.00|1.00|0.00|1.00|0.70|0.00|0.00|1.00|0.85|1.00|0.00|1.00,0.00|0.00|1.00|0.00|0.00|0.00|0.00|0.00|0.00|0.00|0.00|0.00|0.33,0.2221|0.2221|0.1888|0.2221|0.2221|0.0000|0.2221|0.1555|0.0002|0.0000|0.2221|0.1888|0.2221|0.0000|0.2221|0.0000|0.0000|0.2853|0.0000|0.0000|0.0000|0.0000|0.0000|0.0000|0.0000|0.0000|0.0000|0.0927
google.bf,https://google.bf,benign,0.0,0,0.37,0,1.00|1.00|0.96|0.00|1.00|0.00|1.00|0.80|0.00|0.00|0.00|0.00|1.00|1.00|0.00,0.00|0.00|1.00|0.00|1.00|0.00|0.00|0.00|0.00|0.00|0.00|0.00|0.37,0.2547|0.2547|0.2436|0.0000|0.2547|0.0000|0.2547|0.2037|0.0008|0.0000|0.0000|0.0000|0.2547|0.2547|0.0000|0.0000|0.0000|0.2053|0.0000|0.2053|0.0000|0.0000|0.0000|0.0000|0.0000|0.0000|0.0000|0.0754
jumpshare.com,https://jumpshare.com,benign,0.0,0,0.24,0,0.00|0.00|0.00|0.00|0.00|0.00|1.00|0.50|0.00|0.00|0.00|0.00|0.00|0.00|0.00,0.00|0.00|0.00|0.00|1.00|0.00|0.00|0.00|0.00|0.00|0.00|0.00|0.24,0.0000|0.0000|0.0000|0.0000|0.0000|0.0000|0.2683|0.1342|0.0000|0.0000|0.0000|0.0000|0.0000|0.0000|0.0000|0.0000|0.0000|0.0000|0.0000|0.6804|0.0000|0.0000|0.0000|0.0000|0.0000|0.0000|0.0000|0.1646
google.com.bd,https://google.com.bd,benign,0.0,0,0.37,0,1.00|1.00|0.96|0.00|1.00|0.00|1.00|0.80|0.00|0.00|0.00|0.00|1.00|1.00|0.00,0.00|0.00|1.00|0.00|1.00|0.00|0.00|0.00|0.00|0.00|0.00|0.00|0.37,0.2547|0.2547|0.2436|0.0000|0.2547|0.0000|0.2547|0.2037|0.0008|0.0000|0.0000|0.0000|0.2547|0.2547|0.0000|0.0000|0.0000|0.2053|0.0000|0.2053|0.0000|0.0000|0.0000|0.0000|0.0000|0.0000|0.0000|0.0754
inmotionhosting.com,http://inmotionhosting.com,phishing,1.0,1,0.24,0,1.00|1.00|0.85|1.00|1.00|0.00|0.00|0.70|0.00|0.00|1.00|0.85|1.00|0.00|1.00,0.00|0.00|0.00|0.00|1.00|0.00|0.00|0.00|0.00|0.00|0.00|0.00|0.24,0.2342|0.2342|0.1991|0.2342|0.2342|0.0000|0.0000|0.1639|0.0005|0.0000|0.2342|0.1991|0.2342|0.0000|0.2342|0.0000|0.0000|0.0000|0.0000|0.2916|0.0000|0.0000|0.0000|0.0000|0.0000|0.0000|0.0000|0.0706
zonealarm.com,https://zonealarm.com,benign,0.0,0,0.37,0,1.00|1.00|0.85|0.00|0.00|0.00|1.00|0.70|0.00|0.00|1.00|0.85|0.00|1.00|0.00,0.00|0.00|1.00|0.00|1.00|0.00|0.00|0.00|0.00|0.00|0.00|0.00|0.37,0.2658|0.2658|0.2259|0.0000|0.0000|0.0000|0.2658|0.1861|0.0010|0.0000|0.2658|0.2259|0.0000|0.2658|0.0000|0.0000|0.0000|0.2053|0.0000|0.2053|0.0000|0.0000|0.0000|0.0000|0.0000|0.0000|0.0000|0.0754
installatron.com,https://installatron.com,benign,0.0,0,0.35,0,1.00|0.00|0.72|0.00|0.00|0.00|1.00|0.50|0.01|0.00|1.00|0.00|0.00|0.00|0.00,1.00|0.00|0.00|0.00|1.00|0.00|0.00|0.00|0.00|0.00|0.00|0.00|0.35,0.3607|0.0000|0.2593|0.0000|0.0000|0.0000|0.3607|0.1803|0.0024|0.0000|0.3607|0.0000|0.0000|0.0000|0.0000|0.2061|0.0000|0.0000|0.0000|0.2061|0.0000|0.0000|0.0000|0.0000|0.0000|0.0000|0.0000|0.0713
inshop.lv,https://inshop.lv,benign,0.0,0,0.24,0,0.00|0.00|0.00|0.00|0.00|0.00|1.00|0.50|0.00|0.00|0.00|0.00|0.00|0.00|0.00,0.00|0.00|0.00|0.00|1.00|0.00|0.00|0.00|0.00|0.00|0.00|0.00|0.24,0.0000|0.0000|0.0000|0.0000|0.0000|0.0000|0.2683|0.1342|0.0000|0.0000|0.0000|0.0000|0.0000|0.0000|0.0000|0.0000|0.0000|0.0000|0.0000|0.6804|0.0000|0.0000|0.0000|0.0000|0.0000|0.0000|0.0000|0.1646
zybuluo.com,https://zybuluo.com,benign,0.0,0,0.2,0,1.00|0.00|0.68|0.00|0.00|0.00|1.00|0.50|0.00|0.00|1.00|0.00|0.00|0.00|0.00,0.00|0.00|0.00|0.00|0.00|0.00|0.00|0.00|0.00|0.00|0.00|0.00|0.20,0.3633|0.0000|0.2471|0.0000|0.0000|0.0000|0.3633|0.1816|0.0010|0.0000|0.3633|0.0000|0.0000|0.0000|0.0000|0.0000|0.0000|0.0000|0.0000|0.0000|0.0000|0.0000|0.0000|0.0000|0.0000|0.0000|0.0000|0.3000
google.com.sa,https://google.com.sa,benign,0.0,0,0.37,0,1.00|1.00|0.96|0.00|1.00|0.00|1.00|0.80|0.00|0.00|0.00|0.00|1.00|1.00|0.00,0.00|0.00|1.00|0.00|1.00|0.00|0.00|0.00|0.00|0.00|0.00|0.00|0.37,0.2547|0.2547|0.2436|0.0000|0.2547|0.0000|0.2547|0.2037|0.0008|0.0000|0.0000|0.0000|0.2547|0.2547|0.0000|0.0000|0.0000|0.2053|0.0000|0.2053|0.0000|0.0000|0.0000|0.0000|0.0000|0.0000|0.0000|0.0754
zuora.com,http://zuora.com,benign,0.0,0,0.33,0,1.00|1.00|0.85|0.00|0.00|0.00|0.00|0.70|0.02|0.00|1.00|0.85|0.00|1.00|0.00,0.00|0.00|1.00|0.00|0.00|0.00|0.00|0.00|0.00|0.00|0.00|0.00|0.33,0.2873|0.2873|0.2442|0.0000|0.0000|0.0000|0.0000|0.2011|0.0050|0.0000|0.2873|0.2442|0.0000|0.2873|0.0000|0.0000|0.0000|0.2853|0.0000|0.0000|0.0000|0.0000|0.0000|0.0000|0.0000|0.0000|0.0000|0.0927
zity.biz,https://zity.biz,benign,0.0,0,0.24,0,0.00|0.00|0.00|0.00|0.00|0.00|1.00|0.50|0.00|0.00|0.00|0.00|0.00|0.00|0.00,0.00|0.00|0.00|0.00|1.00|0.00|0.00|0.00|0.00|0.00|0.00|0.00|0.24,0.0000|0.0000|0.0000|0.0000|0.0000|0.0000|0.2683|0.1342|0.0000|0.0000|0.0000|0.0000|0.0000|0.0000|0.0000|0.0000|0.0000|0.0000|0.0000|0.6804|0.0000|0.0000|0.0000|0.0000|0.0000|0.0000|0.0000|0.1646
amazon.com.au,https://amazon.com.au,benign,0.0,0,0.37,0,1.00|1.00|0.97|0.00|1.00|0.00|1.00|0.80|0.01|0.00|0.00|0.00|1.00|1.00|0.00,0.00|0.00|1.00|0.00|1.00|0.00|0.00|0.00|0.00|0.00|0.00|0.00|0.37,0.2541|0.2541|0.2474|0.0000|0.2541|0.0000|0.2541|0.2033|0.0018|0.0000|0.0000|0.0000|0.2541|0.2541|0.0000|0.0000|0.0000|0.2053|0.0000|0.2053|0.0000|0.0000|0.0000|0.0000|0.0000|0.0000|0.0000|0.0754
zyto.com,https://zyto.com,benign,0.0,0,0.2,0,1.00|1.00|0.85|0.00|0.00|0.00|1.00|0.70|0.00|0.00|1.00|0.85|0.00|1.00|0.00,0.00|0.00|0.00|0.00|0.00|0.00|0.00|0.00|0.00|0.00|0.00|0.00|0.20,0.2658|0.2658|0.2259|0.0000|0.0000|0.0000|0.2658|0.1861|0.0011|0.0000|0.2658|0.2259|0.0000|0.2658|0.0000|0.0000|0.0000|0.0000|0.0000|0.0000|0.0000|0.0000|0.0000|0.0000|0.0000|0.0000|0.0000|0.3000
kaina24.lt,https://kaina24.lt,benign,0.6,0,0.3,0,1.00|1.00|0.85|1.00|0.00|0.00|1.00|0.70|0.01|0.00|1.00|0.85|0.00|0.00|0.60,1.00|0.00|0.00|0.00|0.00|0.00|0.00|0.00|0.00|0.00|0.00|0.00|0.30,0.2592|0.2592|0.2203|0.2592|0.0000|0.0000|0.2592|0.1814|0.0013|0.0000|0.2592|0.2203|0.0000|0.0000|0.1555|0.2870|0.0000|0.0000|0.0000|0.0000|0.0000|0.0000|0.0000|0.0000|0.0000|0.0000|0.0000|0.0873
happinessishomemade.net,https://happinessishomemade.net,benign,0.0,0,0.33,0,0.00|0.00|0.00|0.00|0.00|0.00|1.00|0.50|0.00|0.00|0.00|0.00|0.00|0.00|0.00,0.00|0.00|1.00|0.00|0.00|0.00|0.00|0.00|0.00|0.00|0.00|0.00|0.33,0.0000|0.0000|0.0000|0.0000|0.0000|0.0000|0.2683|0.1342|0.0000|0.0000|0.0000|0.0000|0.0000|0.0000|0.0000|0.0000|0.0000|0.6657|0.0000|0.0000|0.0000|0.0000|0.0000|0.0000|0.0000|0.0000|0.0000|0.2164
juwaitong.com,https://juwaitong.com,benign,0.0,0,0.2,0,1.00|0.00|0.77|0.00|0.00|0.00|1.00|0.50|0.02|0.00|1.00|0.00|0.00|0.00|0.00,0.00|0.00|0.00|0.00|0.00|0.00|0.00|0.00|0.00|0.00|0.00|0.00|0.20,0.3573|0.0000|0.2739|0.0000|0.0000|0.0000|0.3573|0.1787|0.0086|0.0000|0.3573|0.0000|0.0000|0.0000|0.0000|0.0000|0.0000|0.0000|0.0000|0.0000|0.0000|0.0000|0.0000|0.0000|0.0000|0.0000|0.0000|0.3000
google.com.vn,https://google.com.vn,benign,0.0,0,0.37,0,1.00|1.00|0.96|0.00|1.00|0.00|1.00|0.80|0.00|0.00|0.00|0.00|1.00|1.00|0.00,0.00|0.00|1.00|0.00|1.00|0.00|0.00|0.00|0.00|0.00|0.00|0.00|0.37,0.2547|0.2547|0.2436|0.0000|0.2547|0.0000|0.2547|0.2037|0.0008|0.0000|0.0000|0.0000|0.2547|0.2547|0.0000|0.0000|0.0000|0.2053|0.0000|0.2053|0.0000|0.0000|0.0000|0.0000|0.0000|0.0000|0.0000|0.0754
juegosparawindows.com,https://juegosparawindows.com,benign,0.0,0,0.2,0,1.00|0.00|0.67|0.00|0.00|0.00|1.00|0.50|0.02|0.00|1.00|0.00|0.00|0.00|0.00,0.00|0.00|0.00|0.00|0.00|0.00|0.00|0.00|0.00|0.00|0.00|0.00|0.20,0.3638|0.0000|0.2447|0.0000|0.0000|0.0000|0.3638|0.1819|0.0072|0.0000|0.3638|0.0000|0.0000|0.0000|0.0000|0.0000|0.0000|0.0000|0.0000|0.0000|0.0000|0.0000|0.0000|0.0000|0.0000|0.0000|0.0000|0.3000
google.com.qa,https://google.com.qa,benign,0.0,0,0.37,0,1.00|1.00|0.96|0.00|1.00|0.00|1.00|0.80|0.00|0.00|0.00|0.00|1.00|1.00|0.00,0.00|0.00|1.00|0.00|1.00|0.00|0.00|0.00|0.00|0.00|0.00|0.00|0.37,0.2547|0.2547|0.2436|0.0000|0.2547|0.0000|0.2547|0.2037|0.0008|0.0000|0.0000|0.0000|0.2547|0.2547|0.0000|0.0000|0.0000|0.2053|0.0000|0.2053|0.0000|0.0000|0.0000|0.0000|0.0000|0.0000|0.0000|0.0754
google.com.bz,https://google.com.bz,benign,0.0,0,0.37,0,1.00|1.00|0.96|0.00|1.00|0.00|1.00|0.80|0.00|0.00|0.00|0.00|1.00|1.00|0.00,0.00|0.00|1.00|0.00|1.00|0.00|0.00|0.00|0.00|0.00|0.00|0.00|0.37,0.2547|0.2547|0.2436|0.0000|0.2547|0.0000|0.2547|0.2037|0.0008|0.0000|0.0000|0.0000|0.2547|0.2547|0.0000|0.0000|0.0000|0.2053|0.0000|0.2053|0.0000|0.0000|0.0000|0.0000|0.0000|0.0000|0.0000|0.0754
justcall.io,https://justcall.io,benign,0.0,0,0.24,0,1.00|0.00|0.68|0.00|0.00|0.00|1.00|0.50|0.01|0.00|1.00|0.00|0.00|0.00|0.00,0.00|0.00|0.00|0.00|1.00|0.00|0.00|0.00|0.00|0.00|0.00|0.00|0.24,0.3636|0.0000|0.2457|0.0000|0.0000|0.0000|0.3636|0.1818|0.0050|0.0000|0.3636|0.0000|0.0000|0.0000|0.0000|0.0000|0.0000|0.0000|0.0000|0.2916|0.0000|0.0000|0.0000|0.0000|0.0000|0.0000|0.0000|0.0706
google.com.ar,https://google.com.ar,benign,0.0,0,0.37,0,1.00|1.00|0.96|0.00|1.00|0.00|1.00|0.80|0.00|0.00|0.00|0.00|1.00|1.00|0.00,0.00|0.00|1.00|0.00|1.00|0.00|0.00|0.00|0.00|0.00|0.00|0.00|0.37,0.2547|0.2547|0.2436|0.0000|0.2547|0.0000|0.2547|0.2037|0.0008|0.0000|0.0000|0.0000|0.2547|0.2547|0.0000|0.0000|0.0000|0.2053|0.0000|0.2053|0.0000|0.0000|0.0000|0.0000|0.0000|0.0000|0.0000|0.0754
ilmspace.com.pk,https://ilmspace.com.pk,benign,0.0,0,0.2,0,1.00|0.00|0.69|0.00|0.00|0.00|1.00|0.50|0.00|0.00|1.00|0.00|0.00|0.00|0.00,0.00|0.00|0.00|0.00|0.00|0.00|0.00|0.00|0.00|0.00|0.00|0.00|0.20,0.3629|0.0000|0.2490|0.0000|0.0000|0.0000|0.3629|0.1814|0.0017|0.0000|0.3629|0.0000|0.0000|0.0000|0.0000|0.0000|0.0000|0.0000|0.0000|0.0000|0.0000|0.0000|0.0000|0.0000|0.0000|0.0000|0.0000|0.3000
zuusworkforce.com,https://zuusworkforce.com,benign,0.0,0,0.24,0,0.00|0.00|0.00|0.00|0.00|0.00|1.00|0.50|0.00|0.00|0.00|0.00|0.00|0.00|0.00,0.00|0.00|0.00|0.00|1.00|0.00|0.00|0.00|0.00|0.00|0.00|0.00|0.24,0.0000|0.0000|0.0000|0.0000|0.0000|0.0000|0.2683|0.1342|0.0000|0.0000|0.0000|0.0000|0.0000|0.0000|0.0000|0.0000|0.0000|0.0000|0.0000|0.6804|0.0000|0.0000|0.0000|0.0000|0.0000|0.0000|0.0000|0.1646
juvenews.eu,https://juvenews.eu,benign,0.0,0,0.2,0,0.00|0.00|0.00|0.00|0.00|0.00|1.00|0.50|0.00|0.00|0.00|0.00|0.00|0.00|0.00,0.00|0.00|0.00|0.00|0.00|0.00|0.00|0.00|0.00|0.00|0.00|0.00|0.20,0.0000|0.0000|0.0000|0.0000|0.0000|0.0000|0.2683|0.1342|0.0000|0.0000|0.0000|0.0000|0.0000|0.0000|0.0000|0.0000|0.0000|0.0000|0.0000|0.0000|0.0000|0.0000|0.0000|0.0000|0.0000|0.0000|0.0000|0.7000
google.co.il,https://google.co.il,benign,0.0,0,0.37,0,1.00|1.00|0.96|0.00|1.00|0.00|1.00|0.80|0.00|0.00|0.00|0.00|1.00|1.00|0.00,0.00|0.00|1.00|0.00|1.00|0.00|0.00|0.00|0.00|0.00|0.00|0.00|0.37,0.2547|0.2547|0.2436|0.0000|0.2547|0.0000|0.2547|0.2037|0.0008|0.0000|0.0000|0.0000|0.2547|0.2547|0.0000|0.0000|0.0000|0.2053|0.0000|0.2053|0.0000|0.0000|0.0000|0.0000|0.0000|0.0000|0.0000|0.0754
fachinformatiker.de,https://fachinformatiker.de,phishing,1.0,1,0.24,0,1.00|1.00|0.85|1.00|1.00|1.00|1.00|0.70|0.02|0.00|1.00|0.85|1.00|0.00|1.00,0.00|0.00|0.00|0.00|1.00|0.00|0.00|0.00|0.00|0.00|0.00|0.00|0.24,0.2117|0.2117|0.1799|0.2117|0.2117|0.2117|0.2117|0.1482|0.0040|0.0000|0.2117|0.1799|0.2117|0.0000|0.2117|0.0000|0.0000|0.0000|0.0000|0.2916|0.0000|0.0000|0.0000|0.0000|0.0000|0.0000|0.0000|0.0706
zoolz.co.uk,https://zoolz.co.uk,benign,0.0,0,0.24,0,1.00|0.00|0.73|0.00|0.00|0.00|1.00|0.50|0.00|0.00|1.00|0.00|0.00|0.00|0.00,0.00|0.00|0.00|0.00|1.00|0.00|0.00|0.00|0.00|0.00|0.00|0.00|0.24,0.3596|0.0000|0.2640|0.0000|0.0000|0.0000|0.3596|0.1798|0.0018|0.0000|0.3596|0.0000|0.0000|0.0000|0.0000|0.0000|0.0000|0.0000|0.0000|0.2916|0.0000|0.0000|0.0000|0.0000|0.0000|0.0000|0.0000|0.0706
happyeasygo.com,http://happyeasygo.com,benign,0.0,0,0.33,0,1.00|0.00|0.62|0.00|0.00|0.00|0.00|0.50|0.00|0.00|1.00|0.00|0.00|0.00|0.00,0.00|0.00|1.00|0.00|0.00|0.00|0.00|0.00|0.00|0.00|0.00|0.00|0.33,0.4308|0.0000|0.2692|0.0000|0.0000|0.0000|0.0000|0.2154|0.0017|0.0000|0.4308|0.0000|0.0000|0.0000|0.0000|0.0000|0.0000|0.2853|0.0000|0.0000|0.0000|0.0000|0.0000|0.0000|0.0000|0.0000|0.0000|0.0927
google.com.sl,https://google.com.sl,benign,0.0,0,0.37,0,1.00|1.00|0.99|0.00|1.00|0.00|1.00|0.80|0.01|0.00|0.00|0.00|1.00|1.00|0.00,0.00|0.00|1.00|0.00|1.00|0.00|0.00|0.00|0.00|0.00|0.00|0.00|0.37,0.2537|0.2537|0.2501|0.0000|0.2537|0.0000|0.2537|0.2030|0.0013|0.0000|0.0000|0.0000|0.2537|0.2537|0.0000|0.0000|0.0000|0.2053|0.0000|0.2053|0.0000|0.0000|0.0000|0.0000|0.0000|0.0000|0.0000|0.0754
xhmbaby.store,https://xhmbaby.store,benign,0.0,0,0.2,0,1.00|0.00|0.77|0.00|0.00|0.00|1.00|0.50|0.01|0.00|1.00|0.00|0.00|0.00|0.00,0.00|0.00|0.00|0.00|0.00|0.00|0.00|0.00|0.00|0.00|0.00|0.00|0.20,0.3571|0.0000|0.2750|0.0000|0.0000|0.0000|0.3571|0.1785|0.0023|0.0000|0.3571|0.0000|0.0000|0.0000|0.0000|0.0000|0.0000|0.0000|0.0000|0.0000|0.0000|0.0000|0.0000|0.0000|0.0000|0.0000|0.0000|0.3000
facetofacegames.com,http://facetofacegames.com,benign,0.0,0,0.24,0,1.00|0.00|0.64|0.00|0.00|0.00|0.00|0.50|0.01|0.00|1.00|0.00|0.00|0.00|0.00,0.00|0.00|0.00|0.00|1.00|0.00|0.00|0.00|0.00|0.00|0.00|0.00|0.24,0.4290|0.0000|0.2756|0.0000|0.0000|0.0000|0.0000|0.2145|0.0028|0.0000|0.4290|0.0000|0.0000|0.0000|0.0000|0.0000|0.0000|0.0000|0.0000|0.2916|0.0000|0.0000|0.0000|0.0000|0.0000|0.0000|0.0000|0.0706
google.co.tz,https://google.co.tz,benign,0.0,0,0.37,0,1.00|1.00|0.96|0.00|1.00|0.00|1.00|0.80|0.00|0.00|0.00|0.00|1.00|1.00|0.00,0.00|0.00|1.00|0.00|1.00|0.00|0.00|0.00|0.00|0.00|0.00|0.00|0.37,0.2547|0.2547|0.2436|0.0000|0.2547|0.0000|0.2547|0.2037|0.0008|0.0000|0.0000|0.0000|0.2547|0.2547|0.0000|0.0000|0.0000|0.2053|0.0000|0.2053|0.0000|0.0000|0.0000|0.0000|0.0000|0.0000|0.0000|0.0754
google.com.py,https://google.com.py,benign,0.0,0,0.37,0,1.00|1.00|0.96|0.00|1.00|0.00|1.00|0.80|0.00|0.00|0.00|0.00|1.00|1.00|0.00,0.00|0.00|1.00|0.00|1.00|0.00|0.00|0.00|0.00|0.00|0.00|0.00|0.37,0.2547|0.2547|0.2436|0.0000|0.2547|0.0000|0.2547|0.2037|0.0008|0.0000|0.0000|0.0000|0.2547|0.2547|0.0000|0.0000|0.0000|0.2053|0.0000|0.2053|0.0000|0.0000|0.0000|0.0000|0.0000|0.0000|0.0000|0.0754
google.cz,https://google.cz,benign,0.0,0,0.37,0,1.00|1.00|0.96|0.00|1.00|0.00|1.00|0.80|0.00|0.00|0.00|0.00|1.00|1.00|0.00,0.00|0.00|1.00|0.00|1.00|0.00|0.00|0.00|0.00|0.00|0.00|0.00|0.37,0.2547|0.2547|0.2436|0.0000|0.2547|0.0000|0.2547|0.2037|0.0008|0.0000|0.0000|0.0000|0.2547|0.2547|0.0000|0.0000|0.0000|0.2053|0.0000|0.2053|0.0000|0.0000|0.0000|0.0000|0.0000|0.0000|0.0000|0.0754
ijf.org,https://ijf.org,benign,0.0,0,0.24,0,1.00|0.00|0.62|0.00|0.00|0.00|1.00|0.50|0.02|0.00|1.00|0.00|0.00|0.00|0.00,0.00|0.00|0.00|0.00|1.00|0.00|0.00|0.00|0.00|0.00|0.00|0.00|0.24,0.3674|0.0000|0.2262|0.0000|0.0000|0.0000|0.3674|0.1837|0.0065|0.0000|0.3674|0.0000|0.0000|0.0000|0.0000|0.0000|0.0000|0.0000|0.0000|0.2916|0.0000|0.0000|0.0000|0.0000|0.0000|0.0000|0.0000|0.0706
faceprep.in,https://faceprep.in,benign,0.0,0,0.2,0,1.00|0.00|0.68|0.00|0.00|0.00|1.00|0.50|0.01|0.00|1.00|0.00|0.00|0.00|0.00,0.00|0.00|0.00|0.00|0.00|0.00|0.00|0.00|0.00|0.00|0.00|0.00|0.20,0.3632|0.0000|0.2475|0.0000|0.0000|0.0000|0.3632|0.1816|0.0031|0.0000|0.3632|0.0000|0.0000|0.0000|0.0000|0.0000|0.0000|0.0000|0.0000|0.0000|0.0000|0.0000|0.0000|0.0000|0.0000|0.0000|0.0000|0.3000
insidehook.com,https://insidehook.com,benign,0.6,0,0.33,0,1.00|1.00|0.85|1.00|0.00|0.00|1.00|0.70|0.01|0.00|1.00|0.85|0.00|0.00|0.60,0.00|0.00|1.00|0.00|0.00|0.00|0.00|0.00|0.00|0.00|0.00|0.00|0.33,0.2592|0.2592|0.2203|0.2592|0.0000|0.0000|0.2592|0.1814|0.0025|0.0000|0.2592|0.2203|0.0000|0.0000|0.1555|0.0000|0.0000|0.2853|0.0000|0.0000|0.0000|0.0000|0.0000|0.0000|0.0000|0.0000|0.0000|0.0927
juracademy.de,https://juracademy.de,benign,0.0,0,0.24,0,1.00|0.00|0.73|0.00|0.00|0.00|1.00|0.50|0.01|0.00|1.00|0.00|0.00|0.00|0.00,0.00|0.00|0.00|0.00|1.00|0.00|0.00|0.00|0.00|0.00|0.00|0.00|0.24,0.3596|0.0000|0.2639|0.0000|0.0000|0.0000|0.3596|0.1798|0.0050|0.0000|0.3596|0.0000|0.0000|0.0000|0.0000|0.0000|0.0000|0.0000|0.0000|0.2916|0.0000|0.0000|0.0000|0.0000|0.0000|0.0000|0.0000|0.0706
google.co.uk,https://google.co.uk,benign,0.0,0,0.37,0,1.00|1.00|0.96|0.00|1.00|0.00|1.00|0.80|0.00|0.00|0.00|0.00|1.00|1.00|0.00,0.00|0.00|1.00|0.00|1.00|0.00|0.00|0.00|0.00|0.00|0.00|0.00|0.37,0.2547|0.2547|0.2436|0.0000|0.2547|0.0000|0.2547|0.2037|0.0008|0.0000|0.0000|0.0000|0.2547|0.2547|0.0000|0.0000|0.0000|0.2053|0.0000|0.2053|0.0000|0.0000|0.0000|0.0000|0.0000|0.0000|0.0000|0.0754
happyrail.com,https://happyrail.com,benign,0.0,0,0.2,0,1.00|1.00|0.85|0.00|0.00|0.00|1.00|0.70|0.00|0.00|1.00|0.85|0.00|1.00|0.00,0.00|0.00|0.00|0.00|0.00|0.00|0.00|0.00|0.00|0.00|0.00|0.00|0.20,0.2658|0.2658|0.2259|0.0000|0.0000|0.0000|0.2658|0.1861|0.0012|0.0000|0.2658|0.2259|0.0000|0.2658|0.0000|0.0000|0.0000|0.0000|0.0000|0.0000|0.0000|0.0000|0.0000|0.0000|0.0000|0.0000|0.0000|0.3000
